timestamp_ms,value
1731508541619,5206
1731508541637,5182
1731508541680,5166
1731508541702,5166
1731508541724,5150
1731508541748,5174
1731508541768,5198
1731508541790,5214
1731508541812,5238
1731508541833,5246
1731508541878,5278
1731508541902,5270
1731508541921,5278
1731508541943,5278
1731508541965,5286
1731508541990,5286
1731508542009,5294
1731508542031,5294
1731508542053,5294
1731508542075,5278
1731508542097,5278
1731508542118,5278
1731508542162,5270
1731508542184,5270
1731508542206,5246
1731508542250,5246
1731508542272,5230
1731508542294,5214
1731508542315,5214
1731508542337,5206
1731508542359,5198
1731508542384,5182
1731508542403,5182
1731508542425,5214
1731508542447,5230
1731508542491,5270
1731508542513,5278
1731508542535,5278
1731508542556,5278
1731508542578,5278
1731508542625,5278
1731508542644,5278
1731508542666,5294
1731508542732,5290
1731508542754,5278
1731508542776,5278
1731508542797,5278
1731508542819,5270
1731508542841,5246
1731508542866,5246
1731508542888,5246
1731508542907,5238
1731508542929,5230
1731508542951,5230
1731508542973,5214
1731508542995,5198
1731508543016,5182
1731508543039,5206
1731508543061,5214
1731508543082,5246
1731508543126,5278
1731508543148,5294
1731508543170,5294
1731508543192,5294
1731508543214,5302
1731508543257,5294
1731508543279,5294
1731508543301,5294
1731508543323,5294
1731508543348,5294
1731508543369,5294
1731508543389,5294
1731508543411,5278
1731508543433,5278
1731508543454,5270
1731508543476,5262
1731508543498,5246
1731508543542,5238
1731508543564,5230
1731508543608,5206
1731508543652,5182
1731508543674,5206
1731508543696,5214
1731508543717,5238
1731508543742,5246
1731508543761,5270
1731508543783,5278
1731508543805,5294
1731508543829,5278
1731508543849,5278
1731508543893,5294
1731508543914,5294
1731508543936,5294
1731508543958,5278
1731508543983,5294
1731508544002,5294
1731508544024,5294
1731508544046,5294
1731508544090,5274
1731508544112,5278
1731508544155,5270
1731508544177,5246
1731508544199,5246
1731508544224,5246
1731508544243,5230
1731508544265,5214
1731508544287,5230
1731508544353,5278
1731508544375,5294
1731508544396,5310
1731508544440,5338
1731508544465,5342
1731508544484,5342
1731508544506,5342
1731508544528,5342
1731508544572,5358
1731508544593,5366
1731508544615,5374
1731508544637,5374
1731508544659,5374
1731508544706,5366
1731508544725,5358
1731508544747,5358
1731508544769,5342
1731508544791,5342
1731508544813,5334
1731508544834,5342
1731508544856,5310
1731508544878,5310
1731508544900,5310
1731508544922,5310
1731508544947,5310
1731508544966,5342
1731508544988,5374
1731508545010,5406
1731508545032,5438
1731508545053,5470
1731508545075,5518
1731508545097,5566
1731508545119,5622
1731508545188,5718
1731508545207,5726
1731508545229,5758
1731508545251,5758
1731508545273,5758
1731508545294,5758
1731508545316,5790
1731508545341,5790
1731508545360,5782
1731508545382,5790
1731508545429,5758
1731508545448,5750
1731508545470,5742
1731508545492,5726
1731508545513,5726
1731508545535,5726
1731508545557,5694
1731508545582,5694
1731508545601,5694
1731508545623,5710
1731508545669,5742
1731508545689,5742
1731508545711,5758
1731508545733,5758
1731508545754,5758
1731508545776,5758
1731508545798,5750
1731508545823,5742
1731508545842,5742
1731508545864,5742
1731508545930,5726
1731508545952,5726
1731508545973,5726
1731508545995,5710
1731508546018,5694
1731508546039,5694
1731508546064,5694
1731508546083,5686
1731508546105,5678
1731508546127,5678
1731508546171,5630
1731508546192,5630
1731508546215,5630
1731508546236,5662
1731508546280,5694
1731508546305,5718
1731508546324,5726
1731508546346,5726
1731508546368,5742
1731508546390,5742
1731508546433,5742
1731508546455,5742
1731508546477,5758
1731508546499,5758
1731508546521,5758
1731508546546,5750
1731508546565,5758
1731508546587,5742
1731508546609,5742
1731508546631,5726
1731508546674,5718
1731508546696,5710
1731508546718,5710
1731508546740,5694
1731508546762,5710
1731508546786,5694
1731508546828,5742
1731508546850,5758
1731508546872,5790
1731508546894,5822
1731508546937,5854
1731508546959,5870
1731508546981,5870
1731508547003,5886
1731508547027,5886
1731508547047,5886
1731508547069,5918
1731508547091,5934
1731508547113,5942
1731508547135,5950
1731508547181,5950
1731508547200,5950
1731508547222,5950
1731508547244,5950
1731508547268,5950
1731508547288,5950
1731508547310,5950
1731508547331,5950
1731508547353,5950
1731508547376,5982
1731508547422,6062
1731508547441,6094
1731508547463,6126
1731508547485,6142
1731508547529,6206
1731508547551,6238
1731508547573,6238
1731508547594,6262
1731508547616,6270
1731508547638,6294
1731508547682,6302
1731508547704,6326
1731508547726,6334
1731508547770,6334
1731508547792,6334
1731508547813,6334
1731508547835,6334
1731508547857,6334
1731508547879,6326
1731508547904,6334
1731508547927,6334
1731508547945,6358
1731508547967,6398
1731508547989,6446
1731508548011,6494
1731508548033,6526
1731508548054,6558
1731508548077,6590
1731508548098,6590
1731508548120,6622
1731508548164,6654
1731508548186,6654
1731508548208,6654
1731508548230,6686
1731508548252,6702
1731508548274,6718
1731508548295,6718
1731508548317,6742
1731508548339,6718
1731508548361,6718
1731508548405,6718
1731508548427,6710
1731508548449,6710
1731508548471,6702
1731508548493,6686
1731508548515,6686
1731508548536,6654
1731508548558,6654
1731508548580,6654
1731508548602,6718
1731508548646,6782
1731508548668,6814
1731508548690,6838
1731508548712,6862
1731508548755,6902
1731508548777,6910
1731508548799,6910
1731508548821,6910
1731508548843,6910
1731508548868,6942
1731508548890,6958
1731508548909,6958
1731508548931,6966
1731508548953,6958
1731508548975,6958
1731508548996,6958
1731508549021,6942
1731508549040,6942
1731508549062,6910
1731508549084,6910
1731508549128,6910
1731508549150,6894
1731508549172,6878
1731508549193,6870
1731508549215,6846
1731508549237,6846
1731508549262,6838
1731508549303,6846
1731508549325,6878
1731508549369,6910
1731508549413,6974
1731508549434,6990
1731508549456,7006
1731508549478,7006
1731508549532,7006
1731508549544,7022
1731508549566,7030
1731508549610,7038
1731508549632,7038
1731508549653,7038
1731508549677,7030
1731508549697,7022
1731508549719,7022
1731508549744,7006
1731508549763,7006
1731508549785,6974
1731508549807,6974
1731508549851,6958
1731508549873,6910
1731508549894,6910
1731508549919,6894
1731508549939,6878
1731508549961,6862
1731508549985,6846
1731508550004,6846
1731508550026,6878
1731508550048,6878
1731508550070,6910
1731508550092,6910
1731508550135,6942
1731508550161,6942
1731508550201,6942
1731508550226,6942
1731508550245,6910
1731508550267,6910
1731508550289,6910
1731508550310,6910
1731508550332,6910
1731508550354,6910
1731508550376,6910
1731508550401,6894
1731508550420,6878
1731508550442,6862
1731508550467,6846
1731508550486,6830
1731508550508,6814
1731508550530,6806
1731508550552,6782
1731508550573,6766
1731508550595,6750
1731508550639,6718
1731508550683,6654
1731508550708,6654
1731508550727,6654
1731508550749,6654
1731508550771,6654
1731508550792,6686
1731508550814,6686
1731508550836,6654
1731508550861,6686
1731508550884,6654
1731508550902,6654
1731508550924,6654
1731508550949,6654
1731508550968,6638
1731508550990,6638
1731508551012,6622
1731508551033,6614
1731508551055,6606
1731508551077,6590
1731508551121,6558
1731508551143,6550
1731508551165,6526
1731508551209,6494
1731508551231,6478
1731508551253,6478
1731508551274,6462
1731508551296,6430
1731508551318,6398
1731508551343,6398
1731508551365,6398
1731508551384,6366
1731508551406,6366
1731508551450,6350
1731508551472,6350
1731508551494,6358
1731508551516,6366
1731508551537,6366
1731508551559,6358
1731508551584,6334
1731508551607,6334
1731508551625,6334
1731508551647,6318
1731508551690,6302
1731508551713,6302
1731508551735,6270
1731508551779,6262
1731508551800,6254
1731508551825,6238
1731508551844,6222
1731508551888,6190
1731508551910,6142
1731508551932,6142
1731508551954,6142
1731508551975,6142
1731508551997,6110
1731508552019,6078
1731508552041,6078
1731508552066,6070
1731508552085,6046
1731508552129,6014
1731508552151,6014
1731508552173,6030
1731508552195,6014
1731508552216,6014
1731508552238,6014
1731508552260,6006
1731508552282,5982
1731508552307,5966
1731508552326,5950
1731508552370,5950
1731508552392,5934
1731508552414,5918
1731508552436,5886
1731508552460,5886
1731508552479,5886
1731508552501,5886
1731508552523,5854
1731508552548,5838
1731508552567,5846
1731508552611,5806
1731508552633,5790
1731508552655,5790
1731508552677,5758
1731508552701,5750
1731508552720,5742
1731508552742,5726
1731508552764,5726
1731508552789,5726
1731508552808,5726
1731508552852,5726
1731508552874,5726
1731508552896,5718
1731508552918,5710
1731508552943,5694
1731508552961,5694
1731508552984,5694
1731508553005,5678
1731508553049,5662
1731508553071,5662
1731508553115,5630
1731508553137,5630
1731508553158,5630
1731508553183,5630
1731508553202,5614
1731508553224,5598
1731508553246,5582
1731508553290,5566
1731508553312,5550
1731508553334,5534
1731508553359,5534
1731508553377,5534
1731508553399,5550
1731508553443,5550
1731508553465,5566
1731508553509,5550
1731508553531,5558
1731508553553,5550
1731508553575,5550
1731508553597,5534
1731508553619,5534
1731508553641,5518
1731508553665,5502
1731508553684,5502
1731508553706,5502
1731508553728,5502
1731508553750,5486
1731508553772,5486
1731508553794,5486
1731508553816,5462
1731508553841,5462
1731508553859,5438
1731508553881,5438
1731508553906,5430
1731508553925,5406
1731508553947,5406
1731508553969,5374
1731508553991,5374
1731508554013,5398
1731508554035,5406
1731508554079,5422
1731508554101,5438
1731508554122,5438
1731508554147,5438
1731508554166,5438
1731508554188,5422
1731508554210,5438
1731508554232,5422
1731508554254,5430
1731508554276,5422
1731508554319,5422
1731508554341,5422
1731508554363,5422
1731508554388,5406
1731508554407,5406
1731508554429,5398
1731508554451,5374
1731508554473,5374
1731508554495,5358
1731508554517,5358
1731508554561,5342
1731508554583,5334
1731508554604,5310
1731508554648,5342
1731508554670,5366
1731508554692,5374
1731508554714,5374
1731508554735,5374
1731508554757,5398
1731508554782,5406
1731508554805,5406
1731508554824,5406
1731508554845,5406
1731508554890,5406
1731508554911,5406
1731508554933,5406
1731508554955,5406
1731508554977,5406
1731508554998,5406
1731508555023,5398
1731508555046,5374
1731508555064,5374
1731508555086,5374
1731508555130,5374
1731508555152,5358
1731508555174,5342
1731508555196,5342
1731508555217,5342
1731508555239,5342
1731508555264,5374
1731508555287,5374
1731508555305,5406
1731508555327,5422
1731508555349,5430
1731508555371,5454
1731508555393,5438
1731508555415,5470
1731508555437,5470
1731508555458,5470
1731508555480,5486
1731508555506,5486
1731508555524,5486
1731508555546,5502
1731508555568,5502
1731508555590,5502
1731508555634,5502
1731508555656,5502
1731508555678,5502
1731508555699,5502
1731508555721,5502
1731508555747,5494
1731508555765,5494
1731508555787,5486
1731508555809,5486
1731508555831,5470
1731508555853,5470
1731508555875,5502
1731508555899,5518
1731508555919,5550
1731508555940,5566
1731508555987,5614
1731508556006,5630
1731508556028,5630
1731508556050,5662
1731508556072,5678
1731508556094,5694
1731508556115,5694
1731508556140,5710
1731508556181,5726
1731508556203,5742
1731508556247,5742
1731508556269,5742
1731508556291,5742
1731508556313,5742
1731508556335,5742
1731508556356,5726
1731508556381,5718
1731508556400,5726
1731508556422,5718
1731508556488,5694
1731508556532,5678
1731508556554,5678
1731508556576,5694
1731508556597,5718
1731508556622,5726
1731508556641,5742
1731508556663,5758
1731508556685,5774
1731508556729,5782
1731508556751,5782
1731508556795,5758
1731508556817,5774
1731508556838,5758
1731508556864,5758
1731508556882,5758
1731508556904,5758
1731508556926,5758
1731508556970,5726
1731508556992,5726
1731508557014,5726
1731508557039,5718
1731508557058,5694
1731508557080,5694
1731508557104,5678
1731508557123,5678
1731508557145,5662
1731508557167,5630
1731508557189,5630
1731508557211,5622
1731508557233,5614
1731508557277,5622
1731508557299,5630
1731508557320,5630
1731508557345,5630
1731508557364,5630
1731508557386,5630
1731508557408,5630
1731508557430,5630
1731508557452,5630
1731508557474,5630
1731508557499,5630
1731508557517,5630
1731508557540,5630
1731508557561,5630
1731508557586,5614
1731508557605,5614
1731508557627,5598
1731508557649,5590
1731508557671,5582
1731508557693,5566
1731508557716,5566
1731508557739,5550
1731508557758,5534
1731508557780,5534
1731508557802,5502
1731508557827,5502
1731508557847,5486
1731508557868,5486
1731508557890,5470
1731508557912,5438
1731508557935,5430
1731508557956,5438
1731508557980,5454
1731508557999,5470
1731508558021,5470
1731508558043,5486
1731508558068,5486
1731508558109,5470
1731508558131,5470
1731508558153,5462
1731508558197,5462
1731508558221,5454
1731508558240,5438
1731508558262,5438
1731508558284,5422
1731508558328,5406
1731508558350,5406
1731508558372,5398
1731508558394,5374
1731508558416,5358
1731508558462,5342
1731508558482,5342
1731508558503,5310
1731508558525,5302
1731508558569,5278
1731508558591,5246
1731508558613,5246
1731508558635,5246
1731508558657,5246
1731508558679,5246
1731508558704,5262
1731508558723,5278
1731508558744,5294
1731508558766,5278
1731508558788,5278
1731508558810,5270
1731508558832,5278
1731508558854,5270
1731508558876,5246
1731508558897,5246
1731508558944,5246
1731508558963,5238
1731508558985,5238
1731508559007,5230
1731508559029,5214
1731508559051,5214
1731508559073,5182
1731508559095,5174
1731508559117,5166
1731508559138,5150
1731508559161,5150
1731508559185,5118
1731508559204,5118
1731508559226,5118
1731508559248,5102
1731508559270,5078
1731508559292,5078
1731508559314,5078
1731508559336,5086
1731508559358,5102
1731508559381,5102
1731508559402,5110
1731508559426,5118
1731508559445,5118
1731508559467,5110
1731508559489,5118
1731508559511,5102
1731508559533,5086
1731508559555,5086
1731508559579,5086
1731508559602,5086
1731508559621,5086
1731508559642,5078
1731508559667,5054
1731508559686,5054
1731508559708,5054
1731508559730,5038
1731508559752,5038
1731508559774,5014
1731508559796,4990
1731508559840,4982
1731508559861,4974
1731508559883,4958
1731508559908,4942
1731508559927,4950
1731508559949,4918
1731508559971,4910
1731508559993,4910
1731508560015,4926
1731508560037,4926
1731508560062,4942
1731508560080,4926
1731508560102,4942
1731508560124,4958
1731508560168,4942
1731508560190,4926
1731508560212,4922
1731508560234,4910
1731508560255,4926
1731508560278,4910
1731508560322,4894
1731508560343,4894
1731508560365,4886
1731508560409,4862
1731508560431,4854
1731508560453,4830
1731508560475,4830
1731508560496,4830
1731508560519,4822
1731508560543,4798
1731508560566,4782
1731508560584,4782
1731508560606,4766
1731508560628,4758
1731508560650,4750
1731508560672,4766
1731508560694,4782
1731508560716,4782
1731508560738,4798
1731508560759,4798
1731508560785,4798
1731508560804,4782
1731508560825,4782
1731508560847,4782
1731508560869,4766
1731508560891,4766
1731508560913,4766
1731508560935,4758
1731508560957,4766
1731508560979,4750
1731508561002,4758
1731508561025,4734
1731508561044,4734
1731508561066,4718
1731508561088,4718
1731508561132,4702
1731508561154,4686
1731508561178,4670
1731508561197,4666
1731508561219,4638
1731508561243,4638
1731508561266,4606
1731508561285,4606
1731508561307,4606
1731508561329,4638
1731508561351,4654
1731508561373,4670
1731508561395,4670
1731508561419,4670
1731508561439,4670
1731508561462,4670
1731508561482,4670
1731508561507,4670
1731508561526,4654
1731508561548,4662
1731508561570,4654
1731508561592,4654
1731508561613,4638
1731508561636,4638
1731508561660,4606
1731508561683,4606
1731508561701,4606
1731508561723,4602
1731508561748,4598
1731508561767,4590
1731508561789,4574
1731508561811,4570
1731508561833,4558
1731508561854,4542
1731508561876,4542
1731508561902,4526
1731508561920,4510
1731508561942,4510
1731508561964,4506
1731508562008,4526
1731508562030,4542
1731508562052,4542
1731508562074,4542
1731508562095,4542
1731508562117,4542
1731508562144,4542
1731508562161,4542
1731508562183,4534
1731508562205,4542
1731508562249,4534
1731508562271,4534
1731508562292,4526
1731508562314,4526
1731508562336,4534
1731508562358,4526
1731508562384,4510
1731508562402,4510
1731508562424,4502
1731508562446,4510
1731508562468,4502
1731508562490,4502
1731508562512,4494
1731508562534,4478
1731508562555,4478
1731508562577,4494
1731508562601,4510
1731508562624,4542
1731508562643,4566
1731508562665,4574
1731508562687,4590
1731508562709,4598
1731508562731,4606
1731508562752,4606
1731508562775,4638
1731508562796,4654
1731508562820,4654
1731508562840,4662
1731508562865,4670
1731508562884,4654
1731508562906,4670
1731508562928,4670
1731508562949,4670
1731508562971,4670
1731508562993,4662
1731508563015,4654
1731508563041,4654
1731508563059,4654
1731508563081,4638
1731508563105,4638
1731508563125,4630
1731508563147,4634
1731508563169,4606
1731508563190,4606
1731508563212,4606
1731508563234,4654
1731508563260,4686
1731508563278,4702
1731508563322,4734
1731508563346,4734
1731508563388,4758
1731508563409,4766
1731508563431,4766
1731508563453,4782
1731508563475,4766
1731508563499,4782
1731508563523,4790
1731508563541,4782
1731508563563,4782
1731508563587,4782
1731508563607,4782
1731508563629,4766
1731508563651,4766
1731508563672,4766
1731508563694,4758
1731508563716,4758
1731508563742,4734
1731508563760,4734
1731508563782,4734
1731508563804,4726
1731508563847,4718
1731508563869,4734
1731508563891,4766
1731508563913,4790
1731508563935,4814
1731508563957,4830
1731508563983,4846
1731508564001,4862
1731508564023,4862
1731508564045,4862
1731508564088,4894
1731508564110,4910
1731508564132,4910
1731508564154,4918
1731508564176,4910
1731508564198,4926
1731508564224,4926
1731508564242,4926
1731508564264,4918
1731508564285,4926
1731508564307,4910
1731508564329,4910
1731508564351,4910
1731508564373,4894
1731508564417,4894
1731508564439,4862
1731508564465,4862
1731508564483,4862
1731508564505,4894
1731508564526,4910
1731508564548,4926
1731508564570,4958
1731508564592,4990
1731508564614,4990
1731508564636,5014
1731508564680,5022
1731508564706,5022
1731508564724,5038
1731508564746,5038
1731508564767,5046
1731508564789,5054
1731508564811,5054
1731508564833,5078
1731508564857,5054
1731508564877,5054
1731508564899,5054
1731508564922,5054
1731508564945,5054
1731508564964,5054
1731508564986,5054
1731508565008,5038
1731508565030,5022
1731508565052,5014
1731508565074,4990
1731508565098,4990
1731508565118,4974
1731508565141,4958
1731508565161,4958
1731508565186,4958
1731508565227,4990
1731508565249,5022
1731508565271,5046
1731508565293,5054
1731508565315,5054
1731508565339,5078
1731508565359,5086
1731508565382,5086
1731508565403,5086
1731508565427,5086
1731508565446,5102
1731508565468,5102
1731508565490,5102
1731508565512,5102
1731508565534,5102
1731508565556,5102
1731508565580,5102
1731508565604,5086
1731508565621,5086
1731508565643,5078
1731508565687,5054
1731508565709,5054
1731508565731,5054
1731508565753,5038
1731508565775,5038
1731508565797,5014
1731508565821,5022
1731508565845,4990
1731508565862,5022
1731508565884,5054
1731508565928,5086
1731508565950,5086
1731508565972,5110
1731508565994,5102
1731508566016,5118
1731508566038,5118
1731508566062,5118
1731508566085,5118
1731508566104,5118
1731508566125,5118
1731508566147,5118
1731508566169,5118
1731508566191,5118
1731508566213,5102
1731508566235,5102
1731508566257,5086
1731508566278,5086
1731508566306,5054
1731508566344,5038
1731508566366,5022
1731508566388,5022
1731508566410,5014
1731508566432,4990
1731508566454,4974
1731508566476,4958
1731508566497,4942
1731508566519,4942
1731508566546,4958
1731508566563,4958
1731508566585,4990
1731508566607,4990
1731508566629,4990
1731508566651,4990
1731508566673,4990
1731508566697,4974
1731508566717,4974
1731508566738,4974
1731508566762,4974
1731508566785,4958
1731508566804,4958
1731508566826,4950
1731508566848,4926
1731508566870,4926
1731508566892,4910
1731508566914,4910
1731508566938,4894
1731508566958,4862
1731508566982,4862
1731508567001,4846
1731508567026,4830
1731508567045,4822
1731508567067,4798
1731508567089,4798
1731508567111,4782
1731508567133,4766
1731508567155,4750
1731508567179,4734
1731508567203,4734
1731508567221,4758
1731508567242,4766
1731508567267,4778
1731508567286,4766
1731508567308,4758
1731508567330,4758
1731508567352,4750
1731508567374,4734
1731508567396,4734
1731508567422,4734
1731508567439,4718
1731508567462,4702
1731508567483,4698
1731508567527,4670
1731508567549,4670
1731508567571,4654
1731508567592,4650
1731508567614,4638
1731508567636,4606
1731508567681,4590
1731508567703,4590
1731508567724,4558
1731508567768,4538
1731508567790,4526
1731508567812,4510
1731508567834,4478
1731508567855,4478
1731508567877,4478
1731508567902,4478
1731508567926,4510
1731508567965,4502
1731508567987,4510
1731508568009,4494
1731508568031,4478
1731508568053,4478
1731508568074,4470
1731508568096,4462
1731508568118,4446
1731508568143,4446
1731508568166,4438
1731508568184,4430
1731508568206,4414
1731508568228,4406
1731508568250,4398
1731508568272,4382
1731508568294,4366
1731508568315,4350
1731508568337,4342
1731508568359,4334
1731508568386,4318
1731508568403,4310
1731508568425,4310
1731508568447,4286
1731508568469,4270
1731508568491,4266
1731508568513,4238
1731508568537,4222
1731508568556,4238
1731508568578,4222
1731508568602,4238
1731508568625,4254
1731508568644,4270
1731508568666,4254
1731508568688,4254
1731508568709,4250
1731508568731,4222
1731508568753,4222
1731508568778,4214
1731508568797,4190
1731508568821,4190
1731508568841,4190
1731508568865,4190
1731508568885,4182
1731508568907,4174
1731508568928,4158
1731508568950,4150
1731508568972,4126
1731508568994,4094
1731508569019,4094
1731508569044,4094
1731508569082,4078
1731508569106,4062
1731508569126,4046
1731508569148,4030
1731508569169,4030
1731508569191,4030
1731508569213,4046
1731508569235,4054
1731508569259,4062
1731508569283,4062
1731508569301,4062
1731508569323,4054
1731508569367,4030
1731508569389,4014
1731508569410,4014
1731508569433,4014
1731508569454,3990
1731508569476,3998
1731508569500,3982
1731508569524,3966
1731508569542,3966
1731508569564,3966
1731508569586,3950
1731508569607,3934
1731508569629,3926
1731508569651,3918
1731508569674,3902
1731508569695,3902
1731508569717,3894
1731508569744,3870
1731508569761,3854
1731508569782,3838
1731508569804,3838
1731508569848,3870
1731508569870,3886
1731508569892,3894
1731508569914,3902
1731508569936,3902
1731508569958,3886
1731508569984,3870
1731508570002,3870
1731508570024,3870
1731508570045,3838
1731508570067,3838
1731508570089,3838
1731508570111,3822
1731508570133,3822
1731508570155,3822
1731508570177,3822
1731508570201,3806
1731508570223,3798
1731508570243,3790
1731508570264,3774
1731508570286,3766
1731508570308,3758
1731508570330,3742
1731508570352,3742
1731508570374,3742
1731508570396,3710
1731508570420,3710
1731508570440,3710
1731508570464,3726
1731508570484,3742
1731508570505,3758
1731508570527,3758
1731508570549,3754
1731508570571,3758
1731508570593,3754
1731508570617,3742
1731508570641,3754
1731508570659,3710
1731508570681,3734
1731508570705,3710
1731508570724,3710
1731508570746,3710
1731508570768,3710
1731508570790,3710
1731508570812,3694
1731508570834,3678
1731508570860,3678
1731508570878,3670
1731508570899,3670
1731508570921,3646
1731508570946,3646
1731508570965,3630
1731508570987,3630
1731508571009,3614
1731508571031,3606
1731508571053,3582
1731508571077,3630
1731508571100,3630
1731508571119,3646
1731508571140,3646
1731508571162,3646
1731508571206,3662
1731508571228,3646
1731508571250,3646
1731508571272,3630
1731508571294,3630
1731508571318,3626
1731508571340,3630
1731508571360,3630
1731508571381,3630
1731508571403,3614
1731508571447,3582
1731508571469,3582
1731508571491,3582
1731508571513,3574
1731508571535,3566
1731508571559,3566
1731508571581,3566
1731508571600,3566
1731508571622,3550
1731508571645,3546
1731508571688,3582
1731508571710,3582
1731508571732,3582
1731508571754,3614
1731508571776,3614
1731508571800,3614
1731508571823,3606
1731508571841,3582
1731508571863,3582
1731508571885,3582
1731508571907,3582
1731508571929,3582
1731508571951,3582
1731508571973,3582
1731508571994,3582
1731508572018,3582
1731508572063,3582
1731508572082,3574
1731508572104,3566
1731508572126,3566
1731508572148,3558
1731508572170,3566
1731508572192,3550
1731508572216,3550
1731508572235,3566
1731508572260,3582
1731508572280,3614
1731508572304,3638
1731508572323,3642
1731508572345,3646
1731508572367,3646
1731508572389,3646
1731508572411,3646
1731508572433,3662
1731508572455,3646
1731508572479,3646
1731508572499,3646
1731508572520,3662
1731508572542,3662
1731508572564,3646
1731508572586,3646
1731508572608,3642
1731508572630,3630
1731508572652,3626
1731508572674,3614
1731508572698,3614
1731508572718,3606
1731508572739,3582
1731508572761,3582
1731508572783,3582
1731508572805,3606
1731508572827,3626
1731508572849,3646
1731508572871,3662
1731508572893,3678
1731508572917,3690
1731508572937,3694
1731508572959,3694
1731508572980,3690
1731508573002,3694
1731508573024,3694
1731508573046,3694
1731508573068,3694
1731508573090,3702
1731508573134,3702
1731508573158,3702
1731508573177,3694
1731508573221,3678
1731508573243,3678
1731508573265,3670
1731508573287,3670
1731508573309,3646
1731508573331,3646
1731508573352,3642
1731508573374,3638
1731508573419,3662
1731508573441,3678
1731508573462,3710
1731508573484,3710
1731508573506,3726
1731508573528,3742
1731508573550,3754
1731508573571,3750
1731508573593,3742
1731508573616,3742
1731508573640,3758
1731508573659,3754
1731508573681,3742
1731508573703,3766
1731508573725,3758
1731508573747,3758
1731508573769,3742
1731508573791,3756
1731508573812,3742
1731508573834,3742
1731508573859,3734
1731508573878,3710
1731508573902,3710
1731508573922,3702
1731508573944,3694
1731508573966,3694
1731508573988,3694
1731508574010,3710
1731508574032,3750
1731508574053,3774
1731508574078,3790
1731508574097,3806
1731508574119,3806
1731508574141,3822
1731508574163,3822
1731508574184,3830
1731508574207,3822
1731508574229,3838
1731508574250,3838
1731508574272,3838
1731508574297,3838
1731508574316,3838
1731508574338,3838
1731508574360,3838
1731508574382,3838
1731508574404,3834
1731508574426,3838
1731508574447,3830
1731508574469,3822
1731508574491,3806
1731508574515,3806
1731508574535,3798
1731508574557,3790
1731508574579,3790
1731508574601,3806
1731508574623,3838
1731508574645,3870
1731508574666,3902
1731508574688,3926
1731508574732,3966
1731508574776,3990
1731508574798,3998
1731508574820,4010
1731508574842,4022
1731508574864,4022
1731508574885,4030
1731508574907,4046
1731508574929,4054
1731508574951,4046
1731508574973,4046
1731508574997,4046
1731508575017,4046
1731508575039,4030
1731508575061,4030
1731508575083,4030
1731508575105,4022
1731508575127,4014
1731508575148,4014
1731508575170,3998
1731508575192,3998
1731508575217,3982
1731508575236,3966
1731508575258,3982
1731508575280,4014
1731508575323,4086
1731508575345,4094
1731508575367,4094
1731508575389,4142
1731508575411,4158
1731508575433,4174
1731508575457,4182
1731508575477,4190
1731508575499,4190
1731508575520,4190
1731508575542,4214
1731508575564,4206
1731508575587,4214
1731508575608,4222
1731508575630,4222
1731508575652,4222
1731508575676,4206
1731508575696,4206
1731508575718,4190
1731508575740,4190
1731508575761,4182
1731508575783,4182
1731508575805,4182
1731508575827,4174
1731508575849,4158
1731508575871,4158
1731508575896,4158
1731508575915,4142
1731508575937,4126
1731508575959,4150
1731508575980,4174
1731508576002,4222
1731508576024,4222
1731508576046,4254
1731508576068,4270
1731508576090,4278
1731508576134,4286
1731508576156,4286
1731508576178,4286
1731508576200,4286
1731508576222,4302
1731508576243,4286
1731508576265,4310
1731508576287,4310
1731508576312,4286
1731508576331,4302
1731508576355,4286
1731508576375,4286
1731508576397,4270
1731508576418,4266
1731508576440,4266
1731508576462,4254
1731508576484,4246
1731508576506,4222
1731508576528,4222
1731508576550,4206
1731508576575,4190
1731508576594,4190
1731508576615,4174
1731508576637,4182
1731508576659,4206
1731508576681,4246
1731508576703,4262
1731508576725,4278
1731508576747,4278
1731508576769,4286
1731508576793,4286
1731508576813,4286
1731508576835,4286
1731508576856,4278
1731508576878,4270
1731508576900,4278
1731508576922,4278
1731508576944,4270
1731508576966,4270
1731508576988,4254
1731508577012,4254
1731508577032,4254
1731508577054,4254
1731508577076,4222
1731508577097,4222
1731508577119,4214
1731508577141,4206
1731508577163,4190
1731508577185,4190
1731508577207,4190
1731508577231,4190
1731508577251,4182
1731508577273,4174
1731508577295,4174
1731508577317,4158
1731508577338,4182
1731508577360,4222
1731508577382,4246
1731508577404,4270
1731508577426,4286
1731508577451,4318
1731508577470,4334
1731508577514,4334
1731508577535,4350
1731508577558,4350
1731508577579,4350
1731508577601,4350
1731508577623,4350
1731508577645,4374
1731508577667,4382
1731508577691,4374
1731508577711,4382
1731508577732,4350
1731508577754,4350
1731508577776,4350
1731508577798,4350
1731508577820,4334
1731508577842,4318
1731508577864,4318
1731508577886,4318
1731508577914,4302
1731508577933,4286
1731508577952,4270
1731508577973,4266
1731508577995,4246
1731508578017,4270
1731508578039,4286
1731508578061,4318
1731508578083,4334
1731508578105,4350
1731508578129,4350
1731508578149,4342
1731508578171,4334
1731508578192,4342
1731508578214,4334
1731508578236,4318
1731508578258,4318
1731508578280,4310
1731508578302,4314
1731508578324,4310
1731508578348,4302
1731508578368,4286
1731508578390,4286
1731508578412,4270
1731508578433,4254
1731508578455,4254
1731508578477,4238
1731508578499,4222
1731508578521,4206
1731508578543,4190
1731508578568,4190
1731508578587,4174
1731508578609,4158
1731508578630,4126
1731508578653,4126
1731508578674,4094
1731508578696,4138
1731508578718,4158
1731508578740,4174
1731508578762,4190
1731508578787,4206
1731508578805,4206
1731508578827,4190
1731508578849,4190
1731508578872,4182
1731508578893,4158
1731508578915,4158
1731508578937,4158
1731508578959,4154
1731508578981,4142
1731508579006,4126
1731508579025,4126
1731508579047,4094
1731508579068,4094
1731508579090,4094
1731508579112,4078
1731508579134,4062
1731508579156,4062
1731508579178,4054
1731508579222,4030
1731508579247,4014
1731508579266,3998
1731508579288,3990
1731508579309,3966
1731508579331,3966
1731508579353,3966
1731508579375,3998
1731508579419,4030
1731508579441,4046
1731508579463,4046
1731508579487,4030
1731508579509,4046
1731508579529,4030
1731508579550,4030
1731508579572,4022
1731508579597,4014
1731508579616,4014
1731508579638,4014
1731508579660,4014
1731508579682,4010
1731508579707,4010
1731508579726,3998
1731508579750,3998
1731508579769,3982
1731508579791,3966
1731508579813,3966
1731508579857,3942
1731508579878,3934
1731508579901,3918
1731508579922,3918
1731508579947,3902
1731508579966,3894
1731508579991,3886
1731508580010,3902
1731508580032,3934
1731508580054,3966
1731508580098,3990
1731508580120,3994
1731508580141,3990
1731508580163,3990
1731508580188,3982
1731508580208,3966
1731508580232,3990
1731508580251,3966
1731508580273,3966
1731508580295,3982
1731508580339,3966
1731508580361,3958
1731508580382,3966
1731508580404,3946
1731508580429,3934
1731508580448,3934
1731508580472,3926
1731508580492,3902
1731508580514,3902
1731508580536,3902
1731508580558,3886
1731508580580,3870
1731508580601,3870
1731508580623,3862
1731508580652,3870
1731508580670,3886
1731508580689,3926
1731508580713,3934
1731508580733,3950
1731508580755,3966
1731508580777,3966
1731508580799,3966
1731508580821,3962
1731508580842,3962
1731508580869,3958
1731508580908,3950
1731508580930,3950
1731508580954,3950
1731508580973,3966
1731508580995,3950
1731508581017,3950
1731508581039,3934
1731508581061,3926
1731508581083,3914
1731508581110,3918
1731508581129,3886
1731508581149,3894
1731508581171,3886
1731508581195,3870
1731508581214,3866
1731508581236,3838
1731508581258,3838
1731508581280,3838
1731508581324,3894
1731508581351,3926
1731508581390,3958
1731508581412,3958
1731508581436,3966
1731508581455,3966
1731508581477,3966
1731508581500,3966
1731508581521,3966
1731508581543,3966
1731508581565,3966
1731508581592,3966
1731508581631,3966
1731508581653,3966
1731508581696,3962
1731508581718,3950
1731508581740,3950
1731508581762,3950
1731508581784,3934
1731508581806,3926
1731508581830,3926
1731508581855,3918
1731508581894,3898
1731508581937,3918
1731508581959,3934
1731508581981,3982
1731508582003,4022
1731508582025,4030
1731508582047,4046
1731508582071,4062
1731508582090,4078
1731508582134,4094
1731508582178,4094
1731508582200,4094
1731508582222,4094
1731508582244,4094
1731508582266,4126
1731508582288,4126
1731508582312,4126
1731508582331,4094
1731508582353,4094
1731508582378,4094
1731508582419,4094
1731508582441,4094
1731508582485,4094
1731508582507,4078
1731508582528,4062
1731508582553,4078
1731508582572,4062
1731508582594,4078
1731508582616,4094
1731508582643,4154
1731508582682,4206
1731508582706,4222
1731508582726,4222
1731508582748,4222
1731508582770,4254
1731508582794,4270
1731508582813,4268
1731508582835,4254
1731508582857,4270
1731508582884,4270
1731508582923,4302
1731508582947,4286
1731508582966,4286
1731508582988,4286
1731508583010,4278
1731508583035,4270
1731508583054,4270
1731508583076,4266
1731508583098,4254
1731508583125,4246
1731508583143,4222
1731508583164,4222
1731508583188,4222
1731508583207,4206
1731508583229,4206
1731508583251,4206
1731508583276,4206
1731508583295,4254
1731508583317,4286
1731508583342,4318
1731508583362,4334
1731508583382,4350
1731508583404,4350
1731508583429,4382
1731508583448,4374
1731508583471,4382
1731508583492,4382
1731508583516,4382
1731508583536,4398
1731508583561,4398
1731508583580,4414
1731508583602,4398
1731508583623,4406
1731508583645,4398
1731508583670,4398
1731508583689,4382
1731508583711,4398
1731508583733,4398
1731508583777,4366
1731508583802,4350
1731508583843,4342
1731508583864,4342
1731508583886,4334
1731508583911,4318
1731508583930,4318
1731508583952,4318
1731508583974,4350
1731508584039,4462
1731508584061,4478
1731508584089,4510
1731508584107,4510
1731508584127,4526
1731508584152,4542
1731508584171,4542
1731508584193,4558
1731508584215,4542
1731508584236,4542
1731508584258,4558
1731508584280,4574
1731508584308,4570
1731508584326,4558
1731508584346,4542
1731508584368,4534
1731508584392,4534
1731508584412,4526
1731508584434,4522
1731508584456,4502
1731508584477,4502
1731508584499,4478
1731508584524,4478
1731508584543,4462
1731508584587,4446
1731508584609,4430
1731508584633,4430
1731508584653,4446
1731508584675,4478
1731508584696,4542
1731508584718,4574
1731508584740,4606
1731508584765,4638
1731508584785,4654
1731508584806,4670
1731508584828,4702
1731508584850,4710
1731508584874,4718
1731508584894,4734
1731508584916,4734
1731508584938,4734
1731508584959,4766
1731508584984,4766
1731508585003,4766
1731508585028,4782
1731508585047,4782
1731508585069,4766
1731508585091,4766
1731508585135,4758
1731508585156,4734
1731508585178,4734
1731508585200,4718
1731508585225,4718
1731508585244,4702
1731508585269,4702
1731508585288,4686
1731508585309,4670
1731508585332,4654
1731508585356,4654
1731508585375,4686
1731508585398,4718
1731508585419,4766
1731508585447,4798
1731508585465,4822
1731508585485,4830
1731508585509,4846
1731508585529,4854
1731508585551,4862
1731508585573,4862
1731508585616,4862
1731508585638,4862
1731508585682,4886
1731508585707,4862
1731508585726,4862
1731508585750,4862
1731508585770,4862
1731508585792,4846
1731508585813,4830
1731508585857,4814
1731508585879,4798
1731508585901,4790
1731508585923,4766
1731508585948,4762
1731508585967,4758
1731508585992,4734
1731508586011,4718
1731508586033,4702
1731508586055,4686
1731508586076,4686
1731508586098,4702
1731508586120,4734
1731508586142,4766
1731508586169,4798
1731508586188,4798
1731508586208,4826
1731508586232,4822
1731508586252,4830
1731508586273,4822
1731508586296,4830
1731508586317,4822
1731508586339,4822
1731508586361,4814
1731508586389,4822
1731508586407,4830
1731508586427,4814
1731508586448,4798
1731508586473,4798
1731508586493,4782
1731508586515,4778
1731508586536,4766
1731508586558,4758
1731508586580,4734
1731508586605,4726
1731508586627,4710
1731508586646,4702
1731508586668,4686
1731508586690,4670
1731508586714,4654
1731508586734,4638
1731508586777,4606
1731508586799,4606
1731508586821,4654
1731508586846,4670
1731508586868,4702
1731508586887,4718
1731508586909,4726
1731508586930,4734
1731508586955,4734
1731508586974,4726
1731508586996,4734
1731508587018,4718
1731508587040,4718
1731508587065,4718
1731508587084,4718
1731508587108,4718
1731508587128,4702
1731508587150,4702
1731508587171,4686
1731508587196,4686
1731508587215,4670
1731508587237,4662
1731508587259,4650
1731508587287,4606
1731508587305,4606
1731508587325,4606
1731508587349,4590
1731508587369,4574
1731508587390,4542
1731508587413,4542
1731508587456,4510
1731508587478,4478
1731508587500,4502
1731508587527,4522
1731508587546,4542
1731508587566,4566
1731508587590,4558
1731508587610,4566
1731508587632,4566
1731508587653,4558
1731508587697,4542
1731508587719,4526
1731508587741,4526
1731508587768,4526
1731508587787,4510
1731508587807,4510
1731508587831,4494
1731508587850,4478
1731508587872,4478
1731508587894,4462
1731508587916,4446
1731508587938,4438
1731508587960,4414
1731508587988,4410
1731508588006,4406
1731508588026,4382
1731508588047,4350
1731508588072,4350
1731508588091,4334
1731508588113,4318
1731508588135,4314
1731508588157,4286
1731508588179,4302
1731508588204,4318
1731508588225,4350
1731508588245,4350
1731508588266,4350
1731508588288,4350
1731508588313,4342
1731508588332,4334
1731508588354,4334
1731508588376,4330
1731508588398,4314
1731508588423,4318
1731508588466,4286
1731508588486,4302
1731508588507,4286
1731508588529,4270
1731508588554,4270
1731508588573,4254
1731508588595,4238
1731508588617,4222
1731508588639,4218
1731508588683,4190
1731508588707,4174
1731508588726,4158
1731508588748,4150
1731508588770,4142
1731508588795,4142
1731508588814,4126
1731508588836,4142
1731508588858,4158
1731508588879,4206
1731508588905,4190
1731508588923,4190
1731508588948,4190
1731508588967,4182
1731508588989,4182
1731508589011,4174
1731508589036,4158
1731508589055,4174
1731508589077,4154
1731508589099,4158
1731508589126,4150
1731508589145,4142
1731508589165,4142
1731508589189,4094
1731508589208,4126
1731508589230,4094
1731508589252,4094
1731508589296,4062
1731508589318,4062
1731508589340,4054
1731508589368,4030
1731508589386,4030
1731508589405,4014
1731508589429,4014
1731508589449,4046
1731508589471,4054
1731508589493,4086
1731508589537,4094
1731508589559,4094
1731508589580,4094
1731508589608,4094
1731508589627,4094
1731508589646,4094
1731508589671,4094
1731508589690,4094
1731508589712,4090
1731508589734,4094
1731508589777,4086
1731508589800,4078
1731508589821,4078
1731508589849,4062
1731508589868,4054
1731508589887,4046
1731508589911,4046
1731508589931,4022
1731508589952,4022
1731508589974,4014
1731508589996,3998
1731508590018,3982
1731508590040,3966
1731508590068,3994
1731508590086,4022
1731508590106,4030
1731508590128,4062
1731508590152,4062
1731508590172,4062
1731508590194,4086
1731508590215,4078
1731508590237,4086
1731508590259,4078
1731508590285,4078
1731508590325,4078
1731508590347,4074
1731508590369,4062
1731508590393,4078
1731508590413,4062
1731508590434,4062
1731508590456,4046
1731508590478,4046
1731508590500,4030
1731508590525,4022
1731508590588,3982
1731508590609,3990
1731508590634,3966
1731508590653,3966
1731508590675,3950
1731508590697,3950
1731508590719,3966
1731508590741,3998
1731508590763,4030
1731508590791,4046
1731508590810,4062
1731508590850,4062
1731508590875,4062
1731508590894,4062
1731508590916,4062
1731508590938,4062
1731508590960,4062
1731508590982,4062
1731508591004,4078
1731508591032,4062
1731508591051,4078
1731508591091,4062
1731508591135,4054
1731508591157,4046
1731508591179,4030
1731508591201,4030
1731508591223,4030
1731508591245,4014
1731508591269,4014
1731508591295,3998
1731508591313,3998
1731508591332,3998
1731508591376,4030
1731508591398,4054
1731508591420,4078
1731508591442,4094
1731508591464,4094
1731508591486,4142
1731508591510,4150
1731508591535,4158
1731508591554,4158
1731508591573,4174
1731508591617,4182
1731508591639,4190
1731508591661,4190
1731508591683,4206
1731508591704,4202
1731508591727,4206
1731508591751,4206
1731508591776,4190
1731508591795,4190
1731508591814,4190
1731508591836,4190
1731508591858,4190
1731508591879,4190
1731508591901,4182
1731508591924,4174
1731508591945,4174
1731508591967,4158
1731508591996,4150
1731508592014,4142
1731508592055,4206
1731508592077,4250
1731508592099,4286
1731508592121,4314
1731508592145,4334
1731508592164,4342
1731508592186,4350
1731508592232,4390
1731508592258,4398
1731508592277,4398
1731508592296,4414
1731508592318,4430
1731508592340,4430
1731508592361,4442
1731508592386,4446
1731508592405,4438
1731508592427,4438
1731508592449,4438
1731508592493,4438
1731508592515,4414
1731508592537,4414
1731508592559,4414
1731508592581,4414
1731508592602,4406
1731508592627,4398
1731508592646,4382
1731508592668,4382
1731508592690,4382
1731508592718,4398
1731508592737,4414
1731508592777,4510
1731508592799,4526
1731508592821,4542
1731508592843,4566
1731508592868,4574
1731508592887,4590
1731508592909,4598
1731508592931,4606
1731508592960,4590
1731508592979,4606
1731508593018,4606
1731508593040,4606
1731508593062,4606
1731508593084,4606
1731508593109,4606
1731508593128,4606
1731508593150,4590
1731508593172,4590
1731508593216,4574
1731508593238,4566
1731508593259,4558
1731508593281,4542
1731508593303,4542
1731508593326,4526
1731508593350,4526
1731508593369,4510
1731508593391,4510
1731508593413,4542
1731508593457,4606
1731508593478,4606
1731508593500,4638
1731508593522,4638
1731508593544,4654
1731508593566,4670
1731508593590,4662
1731508593610,4670
1731508593632,4670
1731508593654,4686
1731508593682,4702
1731508593700,4714
1731508593741,4702
1731508593762,4702
1731508593785,4702
1731508593807,4694
1731508593851,4694
1731508593872,4686
1731508593894,4670
1731508593916,4670
1731508593942,4670
1731508593985,4654
1731508594004,4634
1731508594026,4630
1731508594048,4606
1731508594072,4606
1731508594091,4638
1731508594113,4670
1731508594135,4702
1731508594157,4718
1731508594183,4734
1731508594226,4750
1731508594245,4750
1731508594267,4762
1731508594289,4758
1731508594313,4734
1731508594354,4766
1731508594376,4758
1731508594398,4766
1731508594420,4734
1731508594446,4750
1731508594486,4734
1731508594508,4734
1731508594529,4718
1731508594554,4702
1731508594573,4702
1731508594595,4694
1731508594617,4670
1731508594639,4670
1731508594661,4654
1731508594686,4650
1731508594727,4638
1731508594749,4638
1731508594770,4670
1731508594795,4702
1731508594814,4734
1731508594836,4750
1731508594858,4766
1731508594880,4782
1731508594902,4778
1731508594927,4782
1731508594967,4782
1731508594989,4782
1731508595011,4790
1731508595055,4794
1731508595077,4798
1731508595099,4798
1731508595142,4782
1731508595164,4778
1731508595189,4766
1731508595214,4758
1731508595233,4750
1731508595296,4702
1731508595318,4702
1731508595340,4694
1731508595361,4686
1731508595383,4670
1731508595405,4670
1731508595430,4694
1731508595449,4726
1731508595474,4734
1731508595537,4758
1731508595559,4758
1731508595581,4750
1731508595603,4734
1731508595624,4750
1731508595646,4734
1731508595671,4734
1731508595690,4734
1731508595712,4734
1731508595737,4734
1731508595759,4718
1731508595799,4718
1731508595824,4694
1731508595843,4694
1731508595865,4670
1731508595887,4662
1731508595911,4654
1731508595930,4638
1731508595953,4606
1731508595979,4606
1731508596001,4590
1731508596040,4558
1731508596065,4574
1731508596084,4590
1731508596106,4606
1731508596128,4630
1731508596153,4638
1731508596194,4606
1731508596215,4606
1731508596243,4606
1731508596263,4606
1731508596306,4598
1731508596325,4590
1731508596347,4590
1731508596369,4590
1731508596394,4590
1731508596413,4574
1731508596434,4566
1731508596456,4558
1731508596485,4542
1731508596504,4542
1731508596566,4502
1731508596588,4502
1731508596610,4478
1731508596635,4462
1731508596675,4462
1731508596697,4478
1731508596719,4502
1731508596741,4526
1731508596767,4534
1731508596806,4542
1731508596829,4542
1731508596851,4542
1731508596895,4526
1731508596916,4526
1731508596938,4534
1731508596960,4534
1731508596982,4526
1731508597004,4510
1731508597032,4526
1731508597051,4506
1731508597135,4470
1731508597157,4470
1731508597179,4462
1731508597201,4446
1731508597223,4438
1731508597245,4430
1731508597270,4446
1731508597310,4502
1731508597336,4542
1731508597376,4598
1731508597398,4606
1731508597420,4650
1731508597442,4670
1731508597464,4694
1731508597486,4702
1731508597510,4718
1731508597529,4718
1731508597551,4718
1731508597577,4718
1731508597599,4734
1731508597639,4718
1731508597663,4718
1731508597683,4702
1731508597705,4702
1731508597727,4694
1731508597751,4686
1731508597771,4670
1731508597792,4670
1731508597818,4670
1731508597840,4670
1731508597880,4702
1731508597904,4734
1731508597923,4758
1731508597946,4782
1731508597968,4798
1731508597992,4822
1731508598011,4830
1731508598033,4846
1731508598059,4862
1731508598080,4862
1731508598121,4862
1731508598145,4886
1731508598165,4886
1731508598186,4862
1731508598208,4886
1731508598233,4894
1731508598253,4886
1731508598274,4894
1731508598300,4894
1731508598322,4862
1731508598362,4862
1731508598386,4854
1731508598406,4846
1731508598427,4830
1731508598449,4830
1731508598474,4830
1731508598493,4830
1731508598515,4862
1731508598544,4894
1731508598563,4954
1731508598603,5022
1731508598627,5046
1731508598646,5054
1731508598668,5086
1731508598690,5110
1731508598715,5118
1731508598734,5118
1731508598756,5150
1731508598784,5166
1731508598804,5182
1731508598844,5198
1731508598868,5206
1731508598888,5206
1731508598909,5214
1731508598931,5214
1731508598975,5214
1731508598997,5214
1731508599019,5214
1731508599047,5214
1731508599067,5214
1731508599109,5182
1731508599128,5182
1731508599150,5214
1731508599172,5246
1731508599216,5358
1731508599238,5422
1731508599259,5454
1731508599281,5502
1731508599308,5550
1731508599348,5622
1731508599369,5630
1731508599391,5630
1731508599413,5678
1731508599435,5694
1731508599457,5726
1731508599479,5742
1731508599500,5758
1731508599522,5782
1731508599566,5790
1731508599591,5790
1731508599610,5806
1731508599632,5790
1731508599654,5806
1731508599676,5806
1731508599698,5806
1731508599720,5790
1731508599744,5790
1731508599785,5782
1731508599811,5806
1731508599851,5910
1731508599873,5982
1731508599895,6046
1731508599917,6110
1731508599939,6142
1731508599961,6206
1731508599985,6270
1731508600004,6302
1731508600026,6334
1731508600052,6366
1731508600114,6430
1731508600136,6446
1731508600158,6478
1731508600180,6478
1731508600201,6478
1731508600226,6494
1731508600267,6494
1731508600289,6494
1731508600314,6486
1731508600340,6478
1731508600359,6462
1731508600379,6462
1731508600400,6446
1731508600420,6446
1731508600442,6430
1731508600467,6398
1731508600486,6382
1731508600508,6382
1731508600530,6366
1731508600558,6390
1731508600577,6430
1731508600617,6526
1731508600639,6574
1731508600661,6606
1731508600683,6638
1731508600708,6654
1731508600727,6686
1731508600749,6718
1731508600771,6718
1731508600814,6718
1731508600836,6750
1731508600858,6750
1731508600880,6750
1731508600902,6750
1731508600924,6750
1731508600948,6750
1731508600968,6750
1731508600990,6734
1731508601012,6718
1731508601056,6702
1731508601077,6686
1731508601099,6686
1731508601143,6638
1731508601165,6622
1731508601189,6622
1731508601209,6590
1731508601231,6574
1731508601274,6526
1731508601296,6526
1731508601322,6526
1731508601362,6590
1731508601383,6622
1731508601406,6638
1731508601430,6654
1731508601471,6654
1731508601494,6686
1731508601537,6686
1731508601559,6686
1731508601589,6686
1731508601628,6686
1731508601671,6654
1731508601712,6654
1731508601734,6638
1731508601756,6622
1731508601778,6590
1731508601800,6590
1731508601824,6574
1731508601844,6558
1731508601866,6526
1731508601891,6526
1731508601931,6478
1731508601953,6458
1731508601975,6430
1731508601997,6398
1731508602019,6382
1731508602041,6382
1731508602065,6382
1731508602084,6398
1731508602106,6398
1731508602133,6398
1731508602155,6422
1731508602174,6398
1731508602194,6398
1731508602216,6398
1731508602259,6398
1731508602282,6382
1731508602306,6366
1731508602347,6334
1731508602369,6334
1731508602398,6334
1731508602417,6318
1731508602457,6270
1731508602500,6238
1731508602522,6238
1731508602566,6190
1731508602588,6142
1731508602610,6142
1731508602654,6126
1731508602676,6078
1731508602704,6078
1731508602724,6046
1731508602743,6014
1731508602763,6014
1731508602788,6010
1731508602829,5998
1731508602851,6006
1731508602895,5982
1731508602917,5982
1731508602938,5974
1731508602967,5950
1731508602986,5950
1731508603029,5914
1731508603070,5886
1731508603092,5870
1731508603135,5854
1731508603157,5822
1731508603180,5818
1731508603223,5790
1731508603245,5758
1731508603274,5750
1731508603293,5726
1731508603312,5726
1731508603332,5694
1731508603354,5686
1731508603376,5662
1731508603398,5630
1731508603423,5630
1731508603442,5614
1731508603464,5598
1731508603490,5582
1731508603512,5598
1731508603532,5566
1731508603552,5582
1731508603573,5566
1731508603595,5566
1731508603617,5566
1731508603639,5550
1731508603664,5534
1731508603683,5534
1731508603709,5502
1731508603729,5502
1731508603751,5502
1731508603770,5486
1731508603792,5470
1731508603814,5470
1731508603858,5438
1731508603880,5422
1731508603904,5406
1731508603924,5374
1731508603950,5374
1731508603992,5342
1731508604033,5310
1731508604055,5302
1731508604099,5278
1731508604121,5270
1731508604145,5246
1731508604165,5242
1731508604186,5230
1731508604209,5230
1731508604237,5214
1731508604257,5230
1731508604276,5214
1731508604296,5206
1731508604318,5206
1731508604340,5182
1731508604362,5182
1731508604386,5174
1731508604406,5150
1731508604427,5118
1731508604453,5118
1731508604493,5118
1731508604515,5086
1731508604537,5086
1731508604559,5078
1731508604581,5070
1731508604603,5054
1731508604627,5038
1731508604646,5022
1731508604668,5018
1731508604695,4990
1731508604734,4974
1731508604756,4974
1731508604800,4926
1731508604822,4918
1731508604844,4910
1731508604868,4894
1731508604887,4894
1731508604909,4894
1731508604931,4910
1731508604975,4894
1731508604997,4886
1731508605019,4862
1731508605040,4862
1731508605062,4854
1731508605084,4846
1731508605109,4830
1731508605128,4822
1731508605151,4798
1731508605172,4798
1731508605216,4790
1731508605238,4782
1731508605259,4766
1731508605281,4758
1731508605303,4734
1731508605325,4734
1731508605349,4718
1731508605369,4702
1731508605391,4694
1731508605413,4694
1731508605441,4670
1731508605461,4670
1731508605481,4654
1731508605503,4638
1731508605544,4606
1731508605566,4606
1731508605610,4606
1731508605632,4606
1731508605654,4606
1731508605697,4598
1731508605724,4590
1731508605746,4574
1731508605765,4558
1731508605807,4542
1731508605831,4534
1731508605873,4510
1731508605894,4510
1731508605938,4478
1731508605960,4478
1731508605984,4478
1731508606011,4462
1731508606031,4462
1731508606050,4446
1731508606092,4438
1731508606113,4414
1731508606136,4414
1731508606179,4398
1731508606201,4390
1731508606225,4398
1731508606267,4410
1731508606293,4398
1731508606315,4398
1731508606354,4382
1731508606376,4350
1731508606398,4350
1731508606420,4350
1731508606442,4342
1731508606466,4334
1731508606507,4334
1731508606529,4310
1731508606573,4302
1731508606617,4270
1731508606661,4254
1731508606683,4254
1731508606706,4238
1731508606727,4222
1731508606748,4222
1731508606770,4222
1731508606814,4206
1731508606835,4190
1731508606880,4222
1731508606902,4222
1731508606923,4250
1731508606948,4254
1731508606989,4254
1731508607011,4254
1731508607055,4222
1731508607076,4222
1731508607098,4238
1731508607142,4222
1731508607169,4222
1731508607192,4218
1731508607211,4214
1731508607252,4206
1731508607296,4190
1731508607317,4174
1731508607342,4174
1731508607383,4158
1731508607405,4150
1731508607429,4142
1731508607456,4142
1731508607476,4150
1731508607495,4150
1731508607517,4158
1731508607558,4158
1731508607583,4158
1731508607624,4158
1731508607646,4158
1731508607670,4142
1731508607712,4142
1731508607738,4142
1731508607760,4094
1731508607780,4094
1731508607824,4094
1731508607865,4094
1731508607887,4094
1731508607911,4078
1731508607952,4062
1731508607974,4054
1731508608018,4046
1731508608045,4030
1731508608067,4014
1731508608086,4014
1731508608106,4022
1731508608127,4046
1731508608152,4054
1731508608193,4062
1731508608215,4062
1731508608259,4030
1731508608281,4030
1731508608310,4022
1731508608330,4026
1731508608350,4030
1731508608393,4022
1731508608434,4006
1731508608456,4010
1731508608500,3998
1731508608522,3990
1731508608546,3990
1731508608587,3966
1731508608614,3966
1731508608653,3950
1731508608675,3950
1731508608696,3950
1731508608740,3990
1731508608787,3998
1731508608828,3998
1731508608850,3998
1731508608894,3998
1731508608916,3990
1731508608945,3990
1731508608965,3994
1731508608985,3998
1731508609047,3982
1731508609069,3966
1731508609091,3966
1731508609135,3966
1731508609157,3966
1731508609179,3950
1731508609222,3950
1731508609249,3946
1731508609271,3950
1731508609291,3950
1731508609332,3998
1731508609376,4030
1731508609398,4030
1731508609422,4030
1731508609463,4062
1731508609485,4062
1731508609549,4086
1731508609574,4078
1731508609617,4094
1731508609638,4094
1731508609663,4094
1731508609704,4094
1731508609726,4094
1731508609750,4094
1731508609791,4078
1731508609813,4086
1731508609857,4078
1731508609884,4078
1731508609907,4094
1731508609926,4134
1731508609967,4190
1731508609991,4214
1731508610032,4254
1731508610054,4270
1731508610077,4278
1731508610098,4286
1731508610120,4310
1731508610149,4314
1731508610164,4330
1731508610186,4334
1731508610208,4334
1731508610232,4350
1731508610273,4350
1731508610295,4350
1731508610339,4366
1731508610361,4366
1731508610405,4374
1731508610432,4366
1731508610451,4350
1731508610492,4350
1731508610514,4350
1731508610536,4350
1731508610580,4350
1731508610602,4350
1731508610626,4382
1731508610667,4446
1731508610689,4478
1731508610734,4542
1731508610755,4558
1731508610777,4590
1731508610815,4606
1731508610843,4606
1731508610867,4650
1731508610908,4670
1731508610930,4686
1731508610974,4702
1731508610996,4718
1731508611025,4718
1731508611045,4718
1731508611065,4718
1731508611108,4718
1731508611149,4726
1731508611171,4726
1731508611215,4718
1731508611237,4718
1731508611261,4702
1731508611303,4702
1731508611329,4702
1731508611352,4686
1731508611372,4670
1731508611412,4734
1731508611456,4830
1731508611478,4854
1731508611502,4862
1731508611544,4926
1731508611565,4958
1731508611590,4974
1731508611616,4990
1731508611636,4990
1731508611656,5022
1731508611678,5038
1731508611718,5054
1731508611762,5078
1731508611784,5078
1731508611806,5086
1731508611831,5086
1731508611872,5078
1731508611898,5086
1731508611921,5070
1731508611941,5070
1731508611984,5054
1731508612025,5046
1731508612048,5038
1731508612071,5038
1731508612113,4990
1731508612135,5014
1731508612178,5054
1731508612205,5102
1731508612228,5118
1731508612248,5162
1731508612268,5182
1731508612313,5198
1731508612354,5214
1731508612375,5214
1731508612419,5230
1731508612441,5238
1731508612466,5246
1731508612492,5246
1731508612512,5238
1731508612532,5246
1731508612573,5230
1731508612594,5230
1731508612616,5230
1731508612660,5206
1731508612682,5206
1731508612706,5182
1731508612747,5182
1731508612774,5166
1731508612813,5118
1731508612835,5118
1731508612857,5118
1731508612901,5182
1731508612923,5214
1731508612947,5246
1731508612989,5278
1731508613010,5294
1731508613054,5310
1731508613081,5310
1731508613120,5310
1731508613142,5326
1731508613188,5326
1731508613229,5310
1731508613251,5310
1731508613295,5302
1731508613317,5294
1731508613341,5278
1731508613383,5246
1731508613410,5246
1731508613432,5238
1731508613452,5230
1731508613472,5214
1731508613492,5206
1731508613536,5166
1731508613558,5166
1731508613582,5166
1731508613623,5182
1731508613645,5230
1731508613675,5246
1731508613695,5246
1731508613715,5246
1731508613755,5278
1731508613777,5278
1731508613799,5278
1731508613823,5278
1731508613864,5262
1731508613886,5270
1731508613911,5278
1731508613937,5278
1731508613958,5246
1731508613981,5246
1731508614001,5246
1731508614021,5238
1731508614062,5214
1731508614084,5206
1731508614105,5182
1731508614127,5174
1731508614152,5166
1731508614178,5118
1731508614199,5118
1731508614220,5118
1731508614241,5102
1731508614261,5102
1731508614305,5078
1731508614346,5102
1731508614368,5118
1731508614392,5166
1731508614433,5166
1731508614462,5166
1731508614482,5150
1731508614502,5150
1731508614546,5118
1731508614587,5118
1731508614609,5118
1731508614653,5118
1731508614675,5102
1731508614697,5086
1731508614740,5054
1731508614767,5054
1731508614791,5038
1731508614811,5022
1731508614831,5014
1731508614894,4974
1731508614915,4958
1731508614937,4950
1731508614981,4926
1731508615003,4910
1731508615028,4926
1731508615055,4950
1731508615075,4974
1731508615096,5014
1731508615119,5014
1731508615139,4990
1731508615159,5014
1731508615200,5006
1731508615222,4990
1731508615244,5006
1731508615288,4990
1731508615315,4990
1731508615335,4982
1731508615359,4958
1731508615379,4974
1731508615422,4926
1731508615463,4918
1731508615485,4894
1731508615509,4894
1731508615550,4862
1731508615572,4862
1731508615602,4846
1731508615622,4830
1731508615642,4830
1731508615666,4798
1731508615686,4782
1731508615706,4782
1731508615750,4798
1731508615791,4846
1731508615835,4862
1731508615857,4862
1731508615884,4862
1731508615907,4862
1731508615927,4846
1731508615947,4854
1731508615992,4830
1731508616032,4830
1731508616054,4822
1731508616098,4798
1731508616120,4782
1731508616144,4782
1731508616171,4766
1731508616192,4758
1731508616212,4734
1731508616235,4734
1731508616255,4718
1731508616276,4714
1731508616317,4686
1731508616339,4670
1731508616361,4654
1731508616385,4654
1731508616412,4630
1731508616433,4638
1731508616453,4654
1731508616493,4702
1731508616514,4718
1731508616536,4702
1731508616580,4702
1731508616602,4686
1731508616626,4686
1731508616667,4670
1731508616695,4686
1731508616733,4670
1731508616755,4670
1731508616777,4662
1731508616821,4638
1731508616843,4634
1731508616867,4606
1731508616908,4606
1731508616930,4590
1731508616975,4566
1731508617002,4558
1731508617025,4542
1731508617045,4534
1731508617065,4526
1731508617086,4542
1731508617127,4590
1731508617149,4606
1731508617171,4630
1731508617215,4638
1731508617237,4638
1731508617267,4638
1731508617287,4606
1731508617308,4606
1731508617328,4606
1731508617368,4606
1731508617390,4606
1731508617412,4606
1731508617478,4598
1731508617502,4574
1731508617544,4566
1731508617571,4566
1731508617594,4542
1731508617614,4542
1731508617634,4526
1731508617675,4510
1731508617696,4478
1731508617743,4510
1731508617784,4558
1731508617806,4598
1731508617830,4606
1731508617858,4630
1731508617878,4638
1731508617901,4634
1731508617921,4638
1731508617942,4638
1731508617984,4638
1731508618025,4650
1731508618047,4654
1731508618071,4650
1731508618113,4638
1731508618143,4638
1731508618163,4606
1731508618184,4606
1731508618204,4606
1731508618227,4606
1731508618248,4590
1731508618288,4574
1731508618332,4542
1731508618354,4542
1731508618376,4534
1731508618406,4542
1731508618427,4574
1731508618447,4606
1731508618469,4654
1731508618490,4686
1731508618510,4694
1731508618572,4718
1731508618595,4734
1731508618617,4726
1731508618660,4734
1731508618687,4734
1731508618710,4766
1731508618731,4766
1731508618752,4750
1731508618772,4758
1731508618813,4734
1731508618835,4734
1731508618857,4718
1731508618901,4718
1731508618923,4702
1731508618953,4694
1731508618974,4686
1731508618994,4670
1731508619015,4662
1731508619038,4666
1731508619058,4654
1731508619079,4686
1731508619120,4762
1731508619142,4798
1731508619164,4814
1731508619194,4830
1731508619214,4846
1731508619235,4862
1731508619255,4862
1731508619278,4862
1731508619299,4862
1731508619320,4890
1731508619361,4910
1731508619382,4910
1731508619404,4910
1731508619435,4910
1731508619455,4894
1731508619476,4894
1731508619496,4894
1731508619519,4890
1731508619540,4862
1731508619560,4862
1731508619602,4862
1731508619623,4854
1731508619645,4846
1731508619675,4830
1731508619696,4814
1731508619717,4798
1731508619737,4798
1731508619760,4790
1731508619780,4830
1731508619823,4918
1731508619864,4974
1731508619886,4990
1731508619911,4990
1731508619938,5006
1731508619959,5022
1731508619982,5022
1731508620003,5014
1731508620023,5022
1731508620044,5038
1731508620068,5038
1731508620088,5054
1731508620109,5054
1731508620130,5046
1731508620164,5038
1731508620193,5014
1731508620214,5014
1731508620258,4990
1731508620280,4982
1731508620305,4974
1731508620345,4950
1731508620367,4926
1731508620433,4894
1731508620455,4894
1731508620485,4918
1731508620506,4958
1731508620527,4990
1731508620550,5046
1731508620571,5078
1731508620591,5086
1731508620612,5086
1731508620652,5102
1731508620674,5118
1731508620696,5118
1731508620726,5118
1731508620746,5118
1731508620767,5118
1731508620790,5118
1731508620810,5150
1731508620831,5118
1731508620852,5118
1731508620893,5118
1731508620915,5110
1731508620937,5102
1731508620966,5102
1731508620987,5070
1731508621008,5078
1731508621032,5070
1731508621052,5054
1731508621073,5046
1731508621093,5038
1731508621117,5022
1731508621137,5006
1731508621180,5038
1731508621208,5086
1731508621228,5118
1731508621249,5166
1731508621272,5182
1731508621293,5198
1731508621313,5214
1731508621333,5230
1731508621356,5230
1731508621377,5230
1731508621421,5230
1731508621448,5238
1731508621469,5246
1731508621489,5246
1731508621512,5246
1731508621533,5246
1731508621554,5230
1731508621574,5230
1731508621598,5214
1731508621618,5198
1731508621662,5182
1731508621689,5182
1731508621710,5166
1731508621731,5150
1731508621755,5118
1731508621775,5118
1731508621796,5110
1731508621817,5086
1731508621840,5078
1731508621860,5070
1731508621881,5086
1731508621915,5182
1731508621944,5214
1731508621966,5246
1731508621990,5246
1731508622031,5270
1731508622053,5278
1731508622097,5278
1731508622119,5294
1731508622144,5310
1731508622185,5310
1731508622212,5326
1731508622235,5326
1731508622256,5310
1731508622277,5310
1731508622316,5294
1731508622338,5278
1731508622360,5278
1731508622384,5262
1731508622426,5246
1731508622447,5230
1731508622491,5214
1731508622513,5182
1731508622535,5182
1731508622579,5182
1731508622601,5230
1731508622625,5294
1731508622667,5374
1731508622688,5374
1731508622732,5422
1731508622754,5430
1731508622784,5438
1731508622805,5438
1731508622826,5438
1731508622866,5438
1731508622907,5454
1731508622929,5470
1731508622973,5438
1731508622995,5434
1731508623019,5422
1731508623060,5406
1731508623088,5374
1731508623126,5358
1731508623148,5358
1731508623170,5342
1731508623214,5310
1731508623236,5306
1731508623260,5294
1731508623301,5342
1731508623323,5374
1731508623348,5438
1731508623375,5502
1731508623396,5502
1731508623419,5526
1731508623440,5534
1731508623461,5550
1731508623481,5558
1731508623505,5566
1731508623526,5566
1731508623547,5566
1731508623567,5582
1731508623602,5598
1731508623629,5598
1731508623651,5598
1731508623695,5590
1731508623717,5566
1731508623742,5558
1731508623783,5534
1731508623805,5526
1731508623829,5502
1731508623871,5486
1731508623901,5486
1731508623936,5438
1731508623958,5438
1731508623982,5438
1731508624024,5526
1731508624046,5582
1731508624070,5598
1731508624136,5630
1731508624151,5630
1731508624193,5630
1731508624215,5662
1731508624236,5662
1731508624258,5678
1731508624280,5678
1731508624305,5678
1731508624324,5678
1731508624346,5662
1731508624368,5662
1731508624390,5630
1731508624411,5630
1731508624434,5630
1731508624456,5614
1731508624477,5614
1731508624499,5598
1731508624521,5582
1731508624565,5550
1731508624587,5534
1731508624609,5518
1731508624631,5502
1731508624653,5502
1731508624674,5534
1731508624696,5582
1731508624718,5630
1731508624740,5694
1731508624762,5710
1731508624806,5758
1731508624828,5758
1731508624850,5790
1731508624871,5806
1731508624893,5806
1731508624915,5822
1731508624940,5822
1731508624959,5838
1731508625003,5854
1731508625046,5846
1731508625068,5822
1731508625090,5822
1731508625112,5814
1731508625134,5806
1731508625156,5790
1731508625180,5758
1731508625200,5774
1731508625221,5758
1731508625243,5726
1731508625266,5726
1731508625287,5694
1731508625309,5694
1731508625331,5678
1731508625353,5694
1731508625375,5726
1731508625397,5790
1731508625421,5822
1731508625441,5870
1731508625463,5886
1731508625484,5886
1731508625506,5918
1731508625528,5918
1731508625550,5942
1731508625572,5934
1731508625616,5950
1731508625638,5950
1731508625663,5950
1731508625682,5950
1731508625703,5950
1731508625725,5950
1731508625747,5942
1731508625769,5934
1731508625813,5886
1731508625835,5886
1731508625857,5870
1731508625879,5854
1731508625903,5846
1731508625922,5838
1731508625944,5806
1731508625966,5790
1731508625988,5790
1731508626010,5758
1731508626032,5758
1731508626053,5774
1731508626075,5822
1731508626098,5886
1731508626119,5950
1731508626144,5974
1731508626163,5998
1731508626185,6014
1731508626207,6038
1731508626229,6046
1731508626251,6046
1731508626272,6046
1731508626294,6062
1731508626316,6062
1731508626338,6070
1731508626360,6078
1731508626385,6078
1731508626404,6078
1731508626426,6070
1731508626448,6062
1731508626470,6046
1731508626491,6038
1731508626513,6014
1731508626535,5998
1731508626557,5998
1731508626579,5974
1731508626601,5950
1731508626645,5934
1731508626667,5918
1731508626688,5886
1731508626710,5886
1731508626732,5886
1731508626754,5918
1731508626779,5982
1731508626798,6038
1731508626820,6078
1731508626842,6110
1731508626886,6142
1731508626907,6142
1731508626929,6142
1731508626951,6142
1731508626973,6190
1731508626995,6206
1731508627019,6206
1731508627039,6206
1731508627061,6206
1731508627083,6206
1731508627126,6198
1731508627148,6190
1731508627170,6142
1731508627192,6142
1731508627214,6142
1731508627236,6126
1731508627260,6110
1731508627280,6102
1731508627302,6078
1731508627323,6062
1731508627345,6038
1731508627367,6014
1731508627389,5982
1731508627411,5982
1731508627433,5982
1731508627455,6014
1731508627477,6078
1731508627501,6142
1731508627520,6142
1731508627542,6206
1731508627565,6238
1731508627586,6254
1731508627608,6270
1731508627630,6286
1731508627652,6302
1731508627674,6318
1731508627696,6334
1731508627718,6334
1731508627742,6334
1731508627761,6350
1731508627783,6358
1731508627806,6366
1731508627827,6358
1731508627849,6334
1731508627871,6318
1731508627893,6302
1731508627914,6302
1731508627936,6270
1731508627958,6270
1731508627983,6254
1731508628002,6238
1731508628024,6206
1731508628046,6190
1731508628068,6142
1731508628090,6142
1731508628112,6142
1731508628134,6142
1731508628156,6142
1731508628177,6238
1731508628199,6302
1731508628224,6334
1731508628243,6382
1731508628265,6398
1731508628287,6430
1731508628309,6446
1731508628330,6462
1731508628353,6478
1731508628374,6486
1731508628396,6494
1731508628418,6494
1731508628440,6510
1731508628464,6526
1731508628484,6526
1731508628506,6518
1731508628527,6518
1731508628549,6510
1731508628571,6494
1731508628593,6494
1731508628615,6486
1731508628637,6462
1731508628659,6454
1731508628681,6430
1731508628724,6398
1731508628746,6382
1731508628768,6366
1731508628791,6334
1731508628812,6318
1731508628834,6318
1731508628858,6334
1731508628878,6366
1731508628900,6430
1731508628921,6486
1731508628965,6526
1731508628987,6554
1731508629009,6558
1731508629031,6558
1731508629053,6574
1731508629075,6574
1731508629099,6590
1731508629119,6558
1731508629140,6590
1731508629162,6590
1731508629206,6590
1731508629228,6582
1731508629250,6558
1731508629272,6558
1731508629294,6526
1731508629316,6510
1731508629340,6494
1731508629359,6486
1731508629381,6462
1731508629403,6430
1731508629425,6398
1731508629447,6398
1731508629469,6366
1731508629491,6334
1731508629512,6318
1731508629534,6302
1731508629556,6294
1731508629581,6302
1731508629600,6334
1731508629622,6382
1731508629644,6398
1731508629666,6430
1731508629688,6446
1731508629710,6446
1731508629732,6430
1731508629754,6430
1731508629776,6398
1731508629797,6398
1731508629822,6398
1731508629841,6398
1731508629863,6398
1731508629885,6398
1731508629907,6382
1731508629929,6366
1731508629951,6366
1731508629973,6334
1731508629995,6318
1731508630016,6302
1731508630038,6270
1731508630063,6262
1731508630082,6254
1731508630104,6238
1731508630126,6206
1731508630148,6190
1731508630170,6142
1731508630192,6142
1731508630213,6142
1731508630235,6142
1731508630257,6142
1731508630279,6190
1731508630304,6254
1731508630323,6294
1731508630345,6318
1731508630367,6334
1731508630389,6334
1731508630410,6350
1731508630432,6334
1731508630476,6334
1731508630498,6334
1731508630520,6358
1731508630544,6350
1731508630564,6358
1731508630586,6350
1731508630607,6334
1731508630629,6334
1731508630651,6318
1731508630673,6302
1731508630695,6270
1731508630717,6254
1731508630739,6254
1731508630761,6238
1731508630804,6206
1731508630826,6142
1731508630848,6142
1731508630870,6142
1731508630892,6142
1731508630914,6206
1731508630938,6270
1731508630958,6326
1731508630980,6366
1731508631001,6382
1731508631045,6430
1731508631067,6446
1731508631089,6462
1731508631111,6446
1731508631133,6462
1731508631155,6462
1731508631179,6478
1731508631220,6486
1731508631242,6494
1731508631286,6478
1731508631308,6446
1731508631330,6446
1731508631352,6430
1731508631374,6398
1731508631396,6398
1731508631420,6382
1731508631439,6366
1731508631461,6334
1731508631483,6334
1731508631505,6318
1731508631527,6318
1731508631549,6366
1731508631571,6398
1731508631593,6486
1731508631615,6526
1731508631636,6558
1731508631661,6574
1731508631680,6590
1731508631702,6590
1731508631724,6606
1731508631746,6614
1731508631768,6614
1731508631789,6622
1731508631812,6622
1731508631833,6622
1731508631855,6622
1731508631877,6638
1731508631901,6622
1731508631921,6622
1731508631943,6590
1731508631964,6582
1731508631986,6558
1731508632008,6550
1731508632030,6526
1731508632052,6510
1731508632074,6494
1731508632096,6462
1731508632118,6454
1731508632142,6446
1731508632162,6398
1731508632184,6398
1731508632205,6398
1731508632227,6446
1731508632271,6526
1731508632293,6558
1731508632315,6582
1731508632337,6590
1731508632359,6590
1731508632383,6590
1731508632402,6590
1731508632424,6590
1731508632446,6590
1731508632468,6590
1731508632490,6590
1731508632512,6590
1731508632556,6590
1731508632578,6590
1731508632599,6558
1731508632624,6558
1731508632643,6526
1731508632665,6526
1731508632687,6510
1731508632709,6510
1731508632731,6486
1731508632753,6462
1731508632774,6454
1731508632796,6430
1731508632818,6398
1731508632840,6398
1731508632884,6446
1731508632906,6510
1731508632928,6550
1731508632950,6590
1731508632972,6614
1731508632994,6622
1731508633018,6622
1731508633037,6638
1731508633059,6622
1731508633081,6638
1731508633125,6638
1731508633147,6638
1731508633169,6638
1731508633191,6638
1731508633213,6622
1731508633235,6622
1731508633260,6606
1731508633278,6590
1731508633300,6582
1731508633322,6558
1731508633366,6526
1731508633388,6494
1731508633410,6494
1731508633431,6478
1731508633453,6462
1731508633475,6454
1731508633500,6486
1731508633519,6558
1731508633541,6622
1731508633563,6654
1731508633585,6718
1731508633606,6750
1731508633628,6782
1731508633650,6782
1731508633672,6814
1731508633694,6830
1731508633717,6830
1731508633740,6846
1731508633760,6846
1731508633782,6878
1731508633804,6878
1731508633826,6878
1731508633847,6878
1731508633869,6874
1731508633891,6846
1731508633913,6846
1731508633935,6838
1731508633981,6830
1731508634001,6814
1731508634023,6806
1731508634044,6782
1731508634066,6766
1731508634088,6750
1731508634110,6742
1731508634132,6750
1731508634176,6846
1731508634198,6910
1731508634222,6958
1731508634241,6998
1731508634263,7022
1731508634285,7038
1731508634307,7070
1731508634329,7086
1731508634351,7086
1731508634373,7102
1731508634395,7102
1731508634416,7102
1731508634438,7118
1731508634463,7134
1731508634482,7126
1731508634504,7134
1731508634526,7102
1731508634548,7102
1731508634570,7070
1731508634592,7070
1731508634614,7038
1731508634636,7022
1731508634657,7006
1731508634679,6974
1731508634723,6942
1731508634745,6910
1731508634767,6910
1731508634789,6910
1731508634811,6974
1731508634833,7038
1731508634854,7102
1731508634876,7134
1731508634898,7158
1731508634920,7166
1731508634964,7166
1731508634986,7214
1731508635008,7166
1731508635029,7230
1731508635052,7230
1731508635073,7254
1731508635098,7262
1731508635117,7262
1731508635139,7262
1731508635161,7246
1731508635204,7230
1731508635248,7166
1731508635270,7166
1731508635292,7166
1731508635314,7134
1731508635339,7134
1731508635358,7102
1731508635380,7086
1731508635402,7062
1731508635424,7038
1731508635445,7070
1731508635467,7134
1731508635489,7214
1731508635511,7294
1731508635533,7358
1731508635555,7406
1731508635579,7422
1731508635599,7486
1731508635621,7518
1731508635643,7534
1731508635664,7550
1731508635687,7550
1731508635709,7574
1731508635730,7510
1731508635752,7446
1731508635774,7398
1731508635796,7334
1731508635820,7270
1731508635839,7190
1731508635861,7126
1731508635883,7062
1731508635905,6982
1731508635927,6886
1731508635949,6822
1731508635971,6742
1731508635993,6662
1731508636014,6582
1731508636061,6470
1731508636080,6374
1731508636102,6310
1731508636124,6302
1731508636146,6382
1731508636168,6446
1731508636190,6510
1731508636212,6558
1731508636234,6590
1731508636256,6622
1731508636277,6646
1731508636302,6654
1731508636321,6654
1731508636343,6654
1731508636365,6654
1731508636387,6654
1731508636409,6654
1731508636431,6654
1731508636453,6654
1731508636475,6654
1731508636496,6654
1731508636518,6622
1731508636543,6622
1731508636562,6606
1731508636584,6590
1731508636606,6574
1731508636628,6550
1731508636650,6518
1731508636694,6462
1731508636715,6454
1731508636737,6430
1731508636759,6398
1731508636803,6366
1731508636825,6398
1731508636847,6462
1731508636869,6526
1731508636890,6622
1731508636912,6654
1731508636937,6718
1731508636956,6766
1731508636978,6782
1731508637000,6814
1731508637044,6830
1731508637066,6846
1731508637088,6846
1731508637109,6878
1731508637131,6878
1731508637153,6878
1731508637178,6878
1731508637197,6870
1731508637219,6846
1731508637241,6830
1731508637285,6782
1731508637307,6742
1731508637329,6718
1731508637350,6702
1731508637372,6654
1731508637394,6638
1731508637419,6590
1731508637438,6558
1731508637460,6526
1731508637482,6494
1731508637504,6462
1731508637526,6462
1731508637548,6494
1731508637569,6574
1731508637591,6622
1731508637613,6654
1731508637635,6702
1731508637660,6702
1731508637679,6718
1731508637701,6718
1731508637723,6718
1731508637745,6718
1731508637766,6710
1731508637788,6702
1731508637810,6686
1731508637832,6702
1731508637854,6686
1731508637876,6654
1731508637900,6638
1731508637920,6622
1731508637964,6558
1731508637985,6526
1731508638007,6494
1731508638029,6462
1731508638051,6430
1731508638073,6398
1731508638095,6358
1731508638117,6318
1731508638141,6270
1731508638161,6238
1731508638182,6190
1731508638204,6142
1731508638226,6110
1731508638248,6110
1731508638270,6110
1731508638292,6142
1731508638314,6206
1731508638336,6254
1731508638358,6270
1731508638382,6270
1731508638401,6270
1731508638423,6270
1731508638445,6270
1731508638467,6262
1731508638489,6254
1731508638511,6238
1731508638533,6238
1731508638555,6222
1731508638577,6206
1731508638599,6190
1731508638623,6142
1731508638643,6142
1731508638664,6126
1731508638686,6094
1731508638708,6062
1731508638730,6038
1731508638752,6006
1731508638774,5974
1731508638796,5942
1731508638817,5886
1731508638839,5878
1731508638883,5806
1731508638905,5758
1731508638927,5742
1731508638949,5710
1731508638971,5694
1731508638993,5710
1731508639017,5750
1731508639036,5790
1731508639058,5806
1731508639080,5822
1731508639124,5806
1731508639146,5806
1731508639168,5790
1731508639190,5758
1731508639212,5750
1731508639233,5742
1731508639258,5742
1731508639277,5718
1731508639299,5694
1731508639321,5686
1731508639343,5662
1731508639365,5630
1731508639387,5622
1731508639409,5582
1731508639430,5566
1731508639452,5550
1731508639474,5502
1731508639499,5470
1731508639518,5462
1731508639540,5422
1731508639584,5374
1731508639606,5358
1731508639628,5310
1731508639649,5294
1731508639672,5246
1731508639693,5246
1731508639715,5270
1731508639739,5310
1731508639759,5358
1731508639781,5398
1731508639802,5406
1731508639824,5422
1731508639846,5422
1731508639868,5422
1731508639890,5406
1731508639912,5406
1731508639934,5374
1731508639956,5374
1731508639980,5374
1731508640000,5374
1731508640021,5374
1731508640043,5358
1731508640065,5342
1731508640087,5326
1731508640109,5310
1731508640131,5278
1731508640153,5246
1731508640197,5214
1731508640221,5198
1731508640241,5166
1731508640262,5118
1731508640284,5118
1731508640306,5086
1731508640328,5078
1731508640350,5038
1731508640372,5022
1731508640394,4990
1731508640416,4990
1731508640437,5038
1731508640462,5078
1731508640481,5118
1731508640503,5118
1731508640525,5150
1731508640547,5150
1731508640569,5118
1731508640591,5118
1731508640613,5118
1731508640634,5102
1731508640656,5102
1731508640678,5102
1731508640722,5102
1731508640744,5086
1731508640766,5078
1731508640788,5078
1731508640810,5054
1731508640832,5046
1731508640853,5022
1731508640875,5022
1731508640897,4990
1731508640919,4982
1731508640963,4950
1731508640985,4926
1731508641007,4894
1731508641029,4894
1731508641050,4862
1731508641072,4862
1731508641097,4886
1731508641116,4926
1731508641138,4990
1731508641160,5022
1731508641204,5070
1731508641226,5086
1731508641247,5078
1731508641269,5086
1731508641291,5078
1731508641313,5078
1731508641338,5086
1731508641357,5086
1731508641379,5102
1731508641401,5102
1731508641444,5102
1731508641466,5086
1731508641488,5070
1731508641510,5054
1731508641532,5054
1731508641554,5030
1731508641578,5022
1731508641598,4990
1731508641620,4990
1731508641641,4974
1731508641663,4950
1731508641685,4926
1731508641707,4918
1731508641729,4894
1731508641751,4910
1731508641773,4958
1731508641795,5022
1731508641819,5078
1731508641839,5118
1731508641860,5150
1731508641882,5166
1731508641904,5182
1731508641926,5198
1731508641948,5198
1731508641970,5214
1731508641992,5214
1731508642014,5230
1731508642035,5246
1731508642060,5262
1731508642079,5278
1731508642101,5278
1731508642123,5278
1731508642145,5270
1731508642167,5262
1731508642189,5246
1731508642211,5238
1731508642232,5230
1731508642254,5214
1731508642276,5198
1731508642301,5182
1731508642320,5166
1731508642342,5118
1731508642364,5118
1731508642386,5102
1731508642408,5086
1731508642430,5118
1731508642452,5166
1731508642473,5230
1731508642495,5294
1731508642517,5342
1731508642542,5374
1731508642561,5374
1731508642583,5406
1731508642605,5422
1731508642627,5422
1731508642649,5422
1731508642671,5438
1731508642692,5470
1731508642714,5486
1731508642736,5502
1731508642758,5502
1731508642802,5502
1731508642824,5502
1731508642846,5486
1731508642867,5470
1731508642890,5454
1731508642911,5462
1731508642933,5438
1731508642955,5422
1731508642977,5406
1731508642999,5406
1731508643042,5374
1731508643086,5406
1731508643108,5462
1731508643130,5550
1731508643152,5630
1731508643177,5694
1731508643196,5742
1731508643218,5790
1731508643240,5822
1731508643283,5870
1731508643305,5886
1731508643327,5918
1731508643349,5942
1731508643371,5966
1731508643393,5998
1731508643417,6014
1731508643437,6014
1731508643459,6014
1731508643480,6014
1731508643502,6006
1731508643524,5998
1731508643546,5998
1731508643569,5982
1731508643590,5982
1731508643612,5966
1731508643634,5950
1731508643658,5942
1731508643677,5918
1731508643700,5886
1731508643721,5886
1731508643743,5886
1731508643765,5942
1731508643787,6014
1731508643809,6110
1731508643830,6190
1731508643852,6254
1731508643899,6334
1731508643918,6382
1731508643940,6398
1731508643962,6446
1731508643984,6462
1731508644006,6462
1731508644028,6510
1731508644050,6526
1731508644071,6558
1731508644094,6558
1731508644115,6574
1731508644140,6558
1731508644159,6558
1731508644181,6558
1731508644203,6526
1731508644225,6526
1731508644247,6518
1731508644269,6494
1731508644291,6494
1731508644312,6478
1731508644334,6462
1731508644356,6446
1731508644380,6398
1731508644400,6398
1731508644444,6382
1731508644466,6430
1731508644487,6510
1731508644509,6590
1731508644531,6654
1731508644554,6702
1731508644575,6750
1731508644597,6782
1731508644621,6814
1731508644641,6830
1731508644662,6846
1731508644684,6862
1731508644706,6870
1731508644728,6894
1731508644750,6910
1731508644772,6910
1731508644794,6942
1731508644816,6942
1731508644838,6942
1731508644881,6910
1731508644903,6910
1731508644925,6910
1731508644947,6894
1731508644969,6878
1731508644991,6846
1731508645016,6846
1731508645035,6830
1731508645057,6806
1731508645079,6782
1731508645122,6750
1731508645144,6774
1731508645166,6846
1731508645188,6958
1731508645210,7038
1731508645232,7134
1731508645256,7214
1731508645275,7262
1731508645297,7326
1731508645319,7390
1731508645363,7422
1731508645385,7478
1731508645407,7510
1731508645429,7550
1731508645452,7598
1731508645472,7534
1731508645497,7470
1731508645516,7414
1731508645539,7350
1731508645560,7286
1731508645582,7222
1731508645604,7158
1731508645626,7086
1731508645648,7014
1731508645670,6934
1731508645691,6870
1731508645713,6790
1731508645738,6726
1731508645779,6614
1731508645801,6518
1731508645823,6446
1731508645845,6390
1731508645867,6358
1731508645889,6422
1731508645910,6470
1731508645932,6510
1731508645954,6518
1731508645979,6534
1731508645998,6518
1731508646020,6486
1731508646042,6486
1731508646064,6454
1731508646085,6390
1731508646107,6358
1731508646129,6326
1731508646151,6294
1731508646173,6230
1731508646195,6198
1731508646219,6134
1731508646239,6062
1731508646261,5974
1731508646283,5910
1731508646304,5870
1731508646326,5846
1731508646348,5822
1731508646392,5758
1731508646414,5742
1731508646436,5718
1731508646460,5694
1731508646480,5630
1731508646502,5614
1731508646524,5566
1731508646545,5550
1731508646589,5590
1731508646611,5662
1731508646633,5758
1731508646655,5854
1731508646677,5918
1731508646701,5950
1731508646720,5998
1731508646742,6014
1731508646764,6014
1731508646786,6038
1731508646808,6038
1731508646830,6046
1731508646852,6062
1731508646874,6078
1731508646896,6078
1731508646917,6094
1731508646961,6078
1731508646983,6046
1731508647005,6038
1731508647027,6014
1731508647049,5982
1731508647071,5966
1731508647096,5950
1731508647136,5886
1731508647158,5870
1731508647202,5822
1731508647224,5790
1731508647246,5758
1731508647268,5790
1731508647290,5846
1731508647312,5950
1731508647336,6062
1731508647355,6142
1731508647377,6190
1731508647399,6230
1731508647443,6270
1731508647465,6286
1731508647487,6302
1731508647509,6302
1731508647531,6318
1731508647552,6326
1731508647577,6334
1731508647596,6334
1731508647618,6350
1731508647640,6334
1731508647662,6302
1731508647684,6294
1731508647706,6270
1731508647728,6238
1731508647749,6198
1731508647771,6142
1731508647794,6142
1731508647818,6110
1731508647837,6078
1731508647859,6046
1731508647881,6014
1731508647903,5974
1731508647925,5950
1731508647947,5966
1731508647968,6014
1731508647990,6126
1731508648012,6238
1731508648034,6334
1731508648059,6398
1731508648078,6430
1731508648100,6462
1731508648122,6494
1731508648144,6494
1731508648165,6486
1731508648187,6494
1731508648209,6462
1731508648231,6462
1731508648253,6462
1731508648275,6462
1731508648299,6462
1731508648319,6430
1731508648341,6398
1731508648363,6366
1731508648384,6334
1731508648406,6270
1731508648428,6238
1731508648450,6206
1731508648472,6142
1731508648495,6110
1731508648516,6078
1731508648540,6046
1731508648560,5998
1731508648581,5950
1731508648603,5918
1731508648625,5886
1731508648647,5918
1731508648669,5982
1731508648691,6078
1731508648713,6142
1731508648735,6238
1731508648757,6270
1731508648781,6302
1731508648800,6334
1731508648822,6334
1731508648844,6350
1731508648866,6334
1731508648888,6334
1731508648910,6334
1731508648932,6334
1731508648954,6334
1731508648975,6318
1731508648997,6302
1731508649041,6238
1731508649063,6206
1731508649085,6142
1731508649107,6126
1731508649129,6078
1731508649151,6014
1731508649175,6006
1731508649194,5966
1731508649216,5918
1731508649238,5878
1731508649282,5790
1731508649304,5750
1731508649326,5718
1731508649348,5726
1731508649370,5758
1731508649392,5854
1731508649416,5942
1731508649435,5998
1731508649457,6014
1731508649480,6046
1731508649523,6078
1731508649567,6070
1731508649588,6070
1731508649610,6062
1731508649632,6078
1731508649657,6078
1731508649676,6078
1731508649698,6062
1731508649720,6014
1731508649742,6014
1731508649764,5982
1731508649785,5942
1731508649807,5918
1731508649829,5886
1731508649851,5838
1731508649873,5814
1731508649897,5782
1731508649917,5742
1731508649939,5710
1731508649960,5662
1731508649982,5630
1731508650004,5598
1731508650026,5566
1731508650048,5566
1731508650092,5694
1731508650114,5758
1731508650138,5822
1731508650158,5854
1731508650179,5886
1731508650201,5878
1731508650223,5886
1731508650245,5878
1731508650267,5870
1731508650289,5854
1731508650311,5854
1731508650333,5854
1731508650355,5870
1731508650379,5854
1731508650398,5846
1731508650420,5822
1731508650442,5790
1731508650464,5758
1731508650486,5726
1731508650508,5694
1731508650530,5662
1731508650551,5630
1731508650573,5598
1731508650595,5566
1731508650639,5486
1731508650661,5454
1731508650683,5422
1731508650705,5374
1731508650727,5374
1731508650749,5438
1731508650770,5502
1731508650792,5598
1731508650814,5678
1731508650836,5718
1731508650861,5742
1731508650880,5758
1731508650902,5790
1731508650924,5806
1731508650946,5806
1731508650967,5806
1731508650989,5814
1731508651011,5822
1731508651033,5822
1731508651055,5822
1731508651077,5822
1731508651121,5790
1731508651142,5758
1731508651164,5742
1731508651186,5710
1731508651208,5678
1731508651230,5630
1731508651255,5630
1731508651274,5598
1731508651296,5566
1731508651318,5534
1731508651361,5462
1731508651383,5430
1731508651405,5398
1731508651427,5422
1731508651449,5470
1731508651471,5550
1731508651495,5630
1731508651515,5694
1731508651537,5742
1731508651558,5782
1731508651602,5822
1731508651624,5822
1731508651646,5838
1731508651668,5838
1731508651690,5846
1731508651712,5854
1731508651736,5870
1731508651778,5854
1731508651799,5854
1731508651821,5822
1731508651843,5806
1731508651865,5790
1731508651887,5758
1731508651909,5726
1731508651930,5694
1731508651977,5630
1731508651997,5614
1731508652018,5566
1731508652040,5534
1731508652062,5494
1731508652084,5462
1731508652106,5422
1731508652128,5422
1731508652150,5470
1731508652171,5550
1731508652193,5614
1731508652218,5630
1731508652237,5686
1731508652259,5678
1731508652281,5686
1731508652303,5678
1731508652325,5662
1731508652347,5630
1731508652368,5614
1731508652390,5598
1731508652412,5598
1731508652435,5582
1731508652458,5566
1731508652478,5550
1731508652500,5502
1731508652522,5486
1731508652544,5454
1731508652565,5422
1731508652587,5374
1731508652609,5342
1731508652631,5310
1731508652653,5278
1731508652675,5246
1731508652699,5214
1731508652719,5166
1731508652740,5118
1731508652762,5078
1731508652784,5038
1731508652806,4990
1731508652828,4990
1731508652850,5022
1731508652872,5102
1731508652894,5182
1731508652916,5246
1731508652940,5278
1731508652960,5326
1731508652981,5342
1731508653003,5374
1731508653047,5398
1731508653069,5406
1731508653091,5406
1731508653113,5406
1731508653135,5406
1731508653157,5422
1731508653200,5374
1731508653222,5374
1731508653244,5358
1731508653266,5326
1731508653288,5310
1731508653310,5278
1731508653334,5246
1731508653354,5230
1731508653375,5206
1731508653397,5166
1731508653441,5118
1731508653463,5078
1731508653485,5038
1731508653507,4990
1731508653529,4982
1731508653550,4990
1731508653575,5070
1731508653595,5166
1731508653616,5246
1731508653638,5310
1731508653682,5374
1731508653704,5422
1731508653726,5438
1731508653748,5454
1731508653770,5470
1731508653791,5470
1731508653816,5486
1731508653857,5502
1731508653879,5502
1731508653901,5502
1731508653923,5502
1731508653945,5486
1731508653967,5462
1731508653989,5438
1731508654010,5422
1731508654032,5406
1731508654057,5366
1731508654076,5358
1731508654098,5310
1731508654120,5278
1731508654142,5246
1731508654164,5230
1731508654186,5182
1731508654207,5150
1731508654229,5166
1731508654251,5182
1731508654273,5270
1731508654298,5374
1731508654317,5454
1731508654339,5502
1731508654361,5550
1731508654383,5590
1731508654405,5614
1731508654426,5630
1731508654448,5630
1731508654470,5630
1731508654492,5630
1731508654514,5630
1731508654538,5630
1731508654558,5630
1731508654580,5630
1731508654602,5630
1731508654623,5614
1731508654645,5590
1731508654667,5558
1731508654689,5526
1731508654711,5502
1731508654733,5470
1731508654755,5438
1731508654779,5398
1731508654799,5374
1731508654820,5334
1731508654842,5302
1731508654864,5246
1731508654886,5230
1731508654908,5182
1731508654952,5214
1731508654974,5302
1731508654996,5406
1731508655020,5494
1731508655039,5550
1731508655061,5598
1731508655083,5630
1731508655105,5674
1731508655127,5694
1731508655149,5694
1731508655171,5694
1731508655193,5694
1731508655215,5694
1731508655236,5694
1731508655280,5694
1731508655302,5686
1731508655324,5662
1731508655346,5630
1731508655368,5614
1731508655390,5582
1731508655414,5566
1731508655433,5526
1731508655455,5486
1731508655477,5454
1731508655521,5374
1731508655543,5342
1731508655565,5310
1731508655587,5262
1731508655609,5238
1731508655630,5214
1731508655655,5246
1731508655674,5342
1731508655696,5438
1731508655718,5526
1731508655762,5630
1731508655784,5686
1731508655806,5718
1731508655828,5726
1731508655849,5750
1731508655871,5742
1731508655896,5742
1731508655915,5742
1731508655937,5758
1731508655959,5750
1731508655981,5750
1731508656025,5710
1731508656046,5678
1731508656068,5662
1731508656090,5614
1731508656112,5590
1731508656136,5558
1731508656156,5502
1731508656178,5494
1731508656200,5454
1731508656222,5406
1731508656243,5374
1731508656287,5294
1731508656309,5246
1731508656331,5246
1731508656353,5294
1731508656378,5374
1731508656397,5470
1731508656419,5566
1731508656440,5614
1731508656462,5630
1731508656484,5678
1731508656506,5710
1731508656528,5726
1731508656550,5726
1731508656572,5726
1731508656594,5726
1731508656618,5726
1731508656637,5742
1731508656659,5726
1731508656681,5718
1731508656703,5694
1731508656725,5662
1731508656747,5630
1731508656769,5590
1731508656791,5566
1731508656813,5502
1731508656835,5470
1731508656859,5422
1731508656878,5374
1731508656900,5342
1731508656922,5294
1731508656944,5246
1731508656966,5206
1731508656988,5150
1731508657010,5110
1731508657032,5078
1731508657053,5086
1731508657100,5238
1731508657119,5326
1731508657141,5398
1731508657163,5438
1731508657185,5470
1731508657207,5502
1731508657229,5502
1731508657250,5502
1731508657272,5526
1731508657294,5502
1731508657316,5526
1731508657382,5526
1731508657404,5502
1731508657426,5494
1731508657447,5462
1731508657469,5422
1731508657494,5374
1731508657513,5358
1731508657535,5310
1731508657557,5278
1731508657601,5198
1731508657623,5166
1731508657644,5118
1731508657666,5086
1731508657688,5038
1731508657710,4990
1731508657735,4958
1731508657754,4926
1731508657776,4954
1731508657798,5022
1731508657841,5182
1731508657863,5230
1731508657885,5246
1731508657907,5278
1731508657929,5294
1731508657975,5294
1731508657995,5294
1731508658017,5278
1731508658038,5278
1731508658060,5278
1731508658082,5278
1731508658104,5278
1731508658126,5246
1731508658148,5230
1731508658170,5198
1731508658192,5166
1731508658216,5118
1731508658235,5086
1731508658258,5070
1731508658279,5022
1731508658301,4990
1731508658323,4958
1731508658345,4926
1731508658367,4886
1731508658389,4830
1731508658410,4798
1731508658432,4762
1731508658457,4734
1731508658476,4758
1731508658498,4798
1731508658520,4894
1731508658542,4958
1731508658564,5014
1731508658586,5038
1731508658608,5038
1731508658630,5054
1731508658651,5038
1731508658673,5022
1731508658698,5022
1731508658717,5006
1731508658739,5014
1731508658761,4990
1731508658783,4990
1731508658805,4974
1731508658827,4958
1731508658848,4926
1731508658870,4894
1731508658892,4862
1731508658914,4822
1731508658938,4782
1731508658958,4734
1731508658980,4702
1731508659002,4654
1731508659023,4606
1731508659045,4574
1731508659067,4542
1731508659089,4478
1731508659111,4446
1731508659133,4414
1731508659155,4414
1731508659179,4478
1731508659199,4574
1731508659220,4670
1731508659242,4718
1731508659264,4766
1731508659286,4798
1731508659308,4798
1731508659333,4830
1731508659352,4846
1731508659374,4846
1731508659396,4846
1731508659439,4862
1731508659461,4890
1731508659483,4878
1731508659505,4886
1731508659527,4862
1731508659549,4862
1731508659573,4830
1731508659593,4814
1731508659615,4782
1731508659637,4758
1731508659680,4702
1731508659702,4670
1731508659724,4638
1731508659746,4606
1731508659790,4542
1731508659814,4522
1731508659833,4510
1731508659855,4542
1731508659877,4638
1731508659921,4830
1731508659943,4862
1731508659965,4918
1731508659987,4958
1731508660008,4982
1731508660030,4990
1731508660055,5014
1731508660074,4990
1731508660096,5022
1731508660118,5038
1731508660140,5054
1731508660162,5054
1731508660184,5054
1731508660206,5046
1731508660227,5022
1731508660249,5014
1731508660271,4982
1731508660315,4926
1731508660337,4910
1731508660359,4862
1731508660381,4846
1731508660403,4822
1731508660424,4782
1731508660446,4734
1731508660468,4718
1731508660490,4670
1731508660512,4638
1731508660536,4606
1731508660556,4606
1731508660578,4702
1731508660600,4798
1731508660621,4886
1731508660643,4958
1731508660665,4990
1731508660687,5054
1731508660709,5086
1731508660731,5102
1731508660753,5110
1731508660778,5118
1731508660797,5118
1731508660818,5150
1731508660840,5174
1731508660862,5182
1731508660884,5182
1731508660906,5166
1731508660928,5166
1731508660950,5150
1731508660972,5118
1731508660994,5086
1731508661018,5054
1731508661037,5054
1731508661059,5006
1731508661081,4990
1731508661103,4958
1731508661125,4926
1731508661147,4894
1731508661169,4862
1731508661190,4830
1731508661212,4790
1731508661234,4766
1731508661259,4782
1731508661278,4846
1731508661300,4950
1731508661322,5054
1731508661344,5118
1731508661388,5214
1731508661409,5246
1731508661431,5278
1731508661453,5302
1731508661475,5302
1731508661519,5310
1731508661541,5342
1731508661563,5358
1731508661584,5358
1731508661606,5358
1731508661628,5358
1731508661653,5310
1731508661672,5310
1731508661694,5278
1731508661716,5246
1731508661760,5182
1731508661781,5150
1731508661803,5118
1731508661825,5086
1731508661847,5054
1731508661869,5022
1731508661893,4974
1731508661913,4926
1731508661935,4886
1731508661957,4894
1731508662000,5022
1731508662022,5118
1731508662044,5230
1731508662066,5278
1731508662088,5326
1731508662110,5358
1731508662134,5398
1731508662153,5430
1731508662197,5438
1731508662219,5438
1731508662241,5462
1731508662263,5470
1731508662285,5470
1731508662307,5486
1731508662329,5462
1731508662351,5438
1731508662375,5406
1731508662394,5374
1731508662416,5358
1731508662438,5326
1731508662460,5310
1731508662482,5278
1731508662504,5246
1731508662526,5230
1731508662548,5182
1731508662569,5150
1731508662591,5118
1731508662616,5070
1731508662635,5038
1731508662657,4990
1731508662679,4974
1731508662723,5054
1731508662744,5166
1731508662766,5278
1731508662788,5358
1731508662810,5406
1731508662832,5454
1731508662856,5470
1731508662876,5502
1731508662898,5502
1731508662920,5526
1731508662941,5502
1731508662963,5534
1731508662985,5534
1731508663007,5558
1731508663029,5566
1731508663051,5550
1731508663073,5534
1731508663097,5502
1731508663116,5470
1731508663138,5438
1731508663160,5422
1731508663182,5374
1731508663204,5358
1731508663226,5310
1731508663248,5310
1731508663270,5246
1731508663292,5230
1731508663314,5182
1731508663338,5118
1731508663358,5102
1731508663379,5054
1731508663401,5022
1731508663423,5038
1731508663445,5118
1731508663467,5230
1731508663489,5326
1731508663511,5422
1731508663533,5470
1731508663555,5502
1731508663579,5550
1731508663598,5598
1731508663620,5598
1731508663642,5598
1731508663664,5622
1731508663686,5630
1731508663708,5630
1731508663730,5630
1731508663751,5630
1731508663774,5630
1731508663795,5614
1731508663839,5566
1731508663861,5534
1731508663883,5494
1731508663905,5462
1731508663927,5430
1731508663948,5374
1731508663973,5358
1731508663992,5326
1731508664014,5278
1731508664036,5246
1731508664080,5166
1731508664101,5118
1731508664123,5054
1731508664145,5022
1731508664167,5038
1731508664189,5102
1731508664213,5214
1731508664233,5326
1731508664255,5422
1731508664277,5486
1731508664320,5582
1731508664342,5630
1731508664364,5678
1731508664386,5678
1731508664408,5686
1731508664430,5686
1731508664454,5694
1731508664474,5694
1731508664496,5718
1731508664517,5694
1731508664539,5678
1731508664561,5662
1731508664605,5566
1731508664627,5550
1731508664649,5502
1731508664671,5486
1731508664695,5438
1731508664714,5406
1731508664736,5358
1731508664758,5334
1731508664780,5294
1731508664802,5246
1731508664824,5198
1731508664846,5166
1731508664868,5118
1731508664889,5054
1731508664911,5038
1731508664936,5038
1731508664955,5102
1731508664977,5214
1731508664999,5310
1731508665021,5398
1731508665043,5462
1731508665065,5486
1731508665086,5502
1731508665130,5558
1731508665152,5558
1731508665177,5550
1731508665196,5566
1731508665218,5566
1731508665240,5566
1731508665262,5566
1731508665283,5562
1731508665305,5550
1731508665327,5502
1731508665349,5470
1731508665371,5438
1731508665393,5406
1731508665418,5358
1731508665437,5326
1731508665459,5278
1731508665480,5246
1731508665502,5198
1731508665524,5166
1731508665546,5110
1731508665568,5054
1731508665590,5014
1731508665612,4958
